gig_url,gig_title,tier,price_usd,delivery_days,revisions,source_file,tier_description,date_read
https://www.fiverr.com/aaimashah1/do-professional-3d-car-modeling-for-3d-printing-and-games-development,Do 3d car modeling for 3d printing and games development by Aaimashah1,Basic – Starting at $100,100,10,2,included,Low-poly and simple 3D car model for games and 3D printing,2026-09-26
https://www.fiverr.com/aaimashah1/do-professional-3d-car-modeling-for-3d-printing-and-games-development,Do 3d car modeling for 3d printing and games development by Aaimashah1,Standard – Starting at $200,200,21,-1,included,Realistic 3d car model without interior details for games and 3d printing,2026-09-26
https://www.fiverr.com/aaimashah1/do-professional-3d-car-modeling-for-3d-printing-and-games-development,Do 3d car modeling for 3d printing and games development by Aaimashah1,Premium – Starting at $300,300,30,-1,included,Highly detailed 3D car model with full interior and exterior for games and 3d printing,2026-09-26
https://www.fiverr.com/aaronkhiran/create-3d-rc-car-model-3d-car-modelling-3d-truck-model-3d-car-body-kits,"Create 3d rc car model, 3d car modelling, 3d truck model, 3d car body kits by Aaronkhiran",SIMPLE VEHICLE MODEL,40,4,,not listed,Simple 3D Vehicle model / body parts,2026-09-26
https://www.fiverr.com/aaronkhiran/create-3d-rc-car-model-3d-car-modelling-3d-truck-model-3d-car-body-kits,"Create 3d rc car model, 3d car modelling, 3d truck model, 3d car body kits by Aaronkhiran",DETAILED CAR / RC MODEL,100,6,,not listed,Detailed 3D car / RC car model  (exterior only),2026-09-26
https://www.fiverr.com/aaronkhiran/create-3d-rc-car-model-3d-car-modelling-3d-truck-model-3d-car-body-kits,"Create 3d rc car model, 3d car modelling, 3d truck model, 3d car body kits by Aaronkhiran",COMPLETE VEHICLE & BODY KIT,200,10,,not listed,"Complete 3D car / Truck model including body part, interior and exterior (contact first)",2026-09-26
https://www.fiverr.com/abdurehmanyusuf/create-low-poly-3d-car-models-from-your-custom-reference-for-games,Create low poly 3d car models from your custom reference for games by Abdurehmanyusuf,Base Simple Car,15,3,1,included,"1 Low Poly car (simple base model) Based on reference Low detail",2026-09-26
https://www.fiverr.com/abdurehmanyusuf/create-low-poly-3d-car-models-from-your-custom-reference-for-games,Create low poly 3d car models from your custom reference for games by Abdurehmanyusuf,Detailed Car,25,5,3,included,"1 detailed low poly car Better shape Accuracy Basic, textures, Colors Game ready (Optimized)",2026-09-26
https://www.fiverr.com/abdurehmanyusuf/create-low-poly-3d-car-models-from-your-custom-reference-for-games,Create low poly 3d car models from your custom reference for games by Abdurehmanyusuf,High Quality Custom Car,40,7,4,included,"Highly detailed Low Poly  reference Accuracy clean topology Full texture Materials Game Ready",2026-09-26
https://www.fiverr.com/adarnueladura/create-edit-stl-for-car-printing-3d-mini-car-3d-car-modeling-rc-model-bike,"Create, edit stl for car printing,  3d mini car, 3d car modeling, rc model, bike by Adarnueladura",BASIC PACKAGE,40,7,,not listed,"I WILL DESIGN LESS DETAILED CAR, VEHICLE, AIRPLANE, BOAT AND TUCK MODEL",2026-09-26
https://www.fiverr.com/adarnueladura/create-edit-stl-for-car-printing-3d-mini-car-3d-car-modeling-rc-model-bike,"Create, edit stl for car printing,  3d mini car, 3d car modeling, rc model, bike by Adarnueladura",STANDARD PACKAGE,250,10,,not listed,"I WILL DESIGN SIMPLE DETAILED CAR, VEHICLE, AIRPLANE, BOAT AND TUCK MODEL",2026-09-26
https://www.fiverr.com/adarnueladura/create-edit-stl-for-car-printing-3d-mini-car-3d-car-modeling-rc-model-bike,"Create, edit stl for car printing,  3d mini car, 3d car modeling, rc model, bike by Adarnueladura",PREMIUM PACKAGE,550,14,,not listed,"I WILL DESIGN HIGH DETAILED CAR, VEHICLE, AIRPLANE, BOAT AND TUCK MODEL",2026-09-26
https://www.fiverr.com/adewolukman/3d-car-modeling-car-rendering-3d-vehicle-design-automotive-blender-3d-printing,3d car modeling car rendering 3d vehicle design automotive blender 3d printing by Adewolukman,BASIC,70,3,,not listed,"Low poly 3D car model for games or concept  basic shape, no textures.",2026-09-26
https://www.fiverr.com/adewolukman/3d-car-modeling-car-rendering-3d-vehicle-design-automotive-blender-3d-printing,3d car modeling car rendering 3d vehicle design automotive blender 3d printing by Adewolukman,STANDARD,150,5,,not listed,"Mid detail 3D car model with clean mesh, wheels, and basic materials  game or render ready.",2026-09-26
https://www.fiverr.com/adewolukman/3d-car-modeling-car-rendering-3d-vehicle-design-automotive-blender-3d-printing,3d car modeling car rendering 3d vehicle design automotive blender 3d printing by Adewolukman,PREMIUM,300,7,,not listed,"High detail 3D car with full rendering, textures, interiors, and print ready STL or FBX files.",2026-09-26
https://www.fiverr.com/adithiyarafi/make-moc-lego-of-vehicle,Make moc lego of vehicle with instruction by Adithiyarafi,Gold,35,3,2,extra $5,"Simple Lego car MOC   > PNG/JPG",2026-09-26
https://www.fiverr.com/adithiyarafi/make-moc-lego-of-vehicle,Make moc lego of vehicle with instruction by Adithiyarafi,Platinum,60,4,2,included,"Lego Speed Champions Size  + worked door hinge + detail dashboard",2026-09-26
https://www.fiverr.com/adithiyarafi/make-moc-lego-of-vehicle,Make moc lego of vehicle with instruction by Adithiyarafi,Diamond,100,7,3,included,"Big Lego car MOC 1000pcs  + Worked hood, door and luggage + Model instructions",2026-09-26
https://www.fiverr.com/aefeozdemir/create-a-game-ready-vehicle-model-for-unreal-engine-or-unity,Create a game ready vehicle model for unreal engine or unity by Aefeozdemir,Low-Poly Model,15,7,-1,not listed,Engine-Ready Vehicle Model with single color palette and low detail.,2026-09-26
https://www.fiverr.com/aefeozdemir/create-a-game-ready-vehicle-model-for-unreal-engine-or-unity,Create a game ready vehicle model for unreal engine or unity by Aefeozdemir,Standard Model,40,10,-1,not listed,Engine-Ready Vehicle model with pbr textures,2026-09-26
https://www.fiverr.com/aefeozdemir/create-a-game-ready-vehicle-model-for-unreal-engine-or-unity,Create a game ready vehicle model for unreal engine or unity by Aefeozdemir,Full LOD Pack,70,10,-1,not listed,Engine-Ready Vehicle model with 3 different LODs.,2026-09-26
https://www.fiverr.com/altamashpinjari/create-3d-model-vehicle-3d-car-model-for-printing-blender-3d-visualization,"Create 3d vehicle, 3d assets, prop model by Altamashpinjari",Silver,30,2,8,not listed,Modeling + Simple detail,2026-09-26
https://www.fiverr.com/altamashpinjari/create-3d-model-vehicle-3d-car-model-for-printing-blender-3d-visualization,"Create 3d vehicle, 3d assets, prop model by Altamashpinjari",Gold,60,3,9,not listed,Modeling + medium detail,2026-09-26
https://www.fiverr.com/altamashpinjari/create-3d-model-vehicle-3d-car-model-for-printing-blender-3d-visualization,"Create 3d vehicle, 3d assets, prop model by Altamashpinjari",Diamond,100,7,-1,not listed,Modeling + complex detail,2026-09-26
https://www.fiverr.com/altamashpinjari/create-any-3d-nfts-models,"High quality 3d modeling, vehicle, assets, and texturing by Altamashpinjari",Level 1,40,3,3,not listed,Standerd level of detail model,2026-09-26
https://www.fiverr.com/altamashpinjari/create-any-3d-nfts-models,"High quality 3d modeling, vehicle, assets, and texturing by Altamashpinjari",Level 2,85,7,7,not listed,Etrad detail model,2026-09-26
https://www.fiverr.com/altamashpinjari/create-any-3d-nfts-models,"High quality 3d modeling, vehicle, assets, and texturing by Altamashpinjari",Level 3,130,10,8,not listed,Highly detailed model,2026-09-26
https://www.fiverr.com/altamashpinjari/create-game-assets-weapons-guns-sci-fi,"Create high quality 3d assets, vehicles, and prop models by Altamashpinjari",Basic,30,3,3,not listed,Modeling + Simple detail,2026-09-26
https://www.fiverr.com/altamashpinjari/create-game-assets-weapons-guns-sci-fi,"Create high quality 3d assets, vehicles, and prop models by Altamashpinjari",standerd,50,5,5,not listed,Modeling + medium detail,2026-09-26
https://www.fiverr.com/altamashpinjari/create-game-assets-weapons-guns-sci-fi,"Create high quality 3d assets, vehicles, and prop models by Altamashpinjari",premier,85,7,8,not listed,Modeling + High detail,2026-09-26
https://www.fiverr.com/aneebahsstudio/do-realistic-3d-car-modeling-for-3d-printing-and-animations,"Do 3d car modeling for games, 3d printing and animations by Aneebahsstudio",Low Poly,100,5,-1,included,Simple and low-poly 3d car design for games,2026-09-26
https://www.fiverr.com/aneebahsstudio/do-realistic-3d-car-modeling-for-3d-printing-and-animations,"Do 3d car modeling for games, 3d printing and animations by Aneebahsstudio",Mid-Poly,150,7,-1,included,"Realistic 3d car model without interior details for games, animation and 3d printing",2026-09-26
https://www.fiverr.com/aneebahsstudio/do-realistic-3d-car-modeling-for-3d-printing-and-animations,"Do 3d car modeling for games, 3d printing and animations by Aneebahsstudio",Detailed High Poly,250,10,-1,included,"Highly detailed car model with interior & exterior for animations, renders, cinematics, printing",2026-09-26
https://www.fiverr.com/aroprecious/design-game-ready-3d-car-model-racing-car-asset-for-unreal-engine-and-unity,"Design game ready 3d car model, racing car asset for unreal engine and unity by Aroprecious",Basic,50,3,,not listed,Simple 3D car model with basic details,2026-09-26
https://www.fiverr.com/aroprecious/design-game-ready-3d-car-model-racing-car-asset-for-unreal-engine-and-unity,"Design game ready 3d car model, racing car asset for unreal engine and unity by Aroprecious",Standard,250,7,,not listed,"Detailed Game Ready Vehicle,Optimized for Unity & Unreal Engine,",2026-09-26
https://www.fiverr.com/aroprecious/design-game-ready-3d-car-model-racing-car-asset-for-unreal-engine-and-unity,"Design game ready 3d car model, racing car asset for unreal engine and unity by Aroprecious",Premium,400,14,,not listed,"High Detailed Custom Vehicle Modeling, Full Interior & Exterior and textures",2026-09-26
https://www.fiverr.com/ashilsanthosh/do-game-ready-3d-props-and-vehicles,Create game ready 3d props and vehicles by Ashilsanthosh,Game ready Props/Vehicles,5,1,1,not listed,I will create 1 prop with no textures,2026-09-26
https://www.fiverr.com/ashilsanthosh/do-game-ready-3d-props-and-vehicles,Create game ready 3d props and vehicles by Ashilsanthosh,Game Ready Props/Vehicles,30,2,2,not listed,I Will Create 3 Props with textures,2026-09-26
https://www.fiverr.com/ashilsanthosh/do-game-ready-3d-props-and-vehicles,Create game ready 3d props and vehicles by Ashilsanthosh,5 game Ready props,60,3,3,not listed,I Will Create 5 props With Textures,2026-09-26
https://www.fiverr.com/ashwani_dagar0/model-game-ready-hard-surface-3d-props-and-vehicles,Model game ready hard surface 3d props and vehicles by Ashwani_dagar0,Premium,140,10,-1,not listed,Full Vehicle / Scene Asset / Detailed Prop / Vehicle,2026-09-26
https://www.fiverr.com/asifali3d/do-3d-vehicle-car-modelling-rigging-rendering-for-3d-printing-and-game,Do 3d car modeling for games and 3d printing by Asifali3d,Low Poly Vehicle,100,10,2,included,Simple and low-poly 3d car design for games and 3d printing,2026-09-26
https://www.fiverr.com/asifali3d/do-3d-vehicle-car-modelling-rigging-rendering-for-3d-printing-and-game,Do 3d car modeling for games and 3d printing by Asifali3d,Detailed Exterior of Cr Model,200,14,3,included,Realistic 3d car model without interior details for games and 3d printing,2026-09-26
https://www.fiverr.com/asifali3d/do-3d-vehicle-car-modelling-rigging-rendering-for-3d-printing-and-game,Do 3d car modeling for games and 3d printing by Asifali3d,Detailed Interior Exterior,280,30,-1,included,Highly detailed 3d car model with both interior and exterior details for games and 3d printing,2026-09-26
https://www.fiverr.com/auntyjene/design-game-ready-3d-car-model-rig-racing-car-asset-for-unity-and-unreal-engine,"Design game ready 3d car model, rig racing car asset for unity and unreal engine by Auntyjene",-Low Poly Car Model,50,3,1,not listed,A simple game-ready car model with low polycount and clean structure for basic game use.,2026-09-26
https://www.fiverr.com/auntyjene/design-game-ready-3d-car-model-rig-racing-car-asset-for-unity-and-unreal-engine,"Design game ready 3d car model, rig racing car asset for unity and unreal engine by Auntyjene",-Optimized Game Vehicle,200,7,2,not listed,A more detailed vehicle model with better topology and optimized structure for smoother performance.,2026-09-26
https://www.fiverr.com/auntyjene/design-game-ready-3d-car-model-rig-racing-car-asset-for-unity-and-unreal-engine,"Design game ready 3d car model, rig racing car asset for unity and unreal engine by Auntyjene",-Detailed Game Ready Vehicle,450,14,2,not listed,"An optimized car model with improved features, & topology, & ready for integration into game engines",2026-09-26
https://www.fiverr.com/authzon_autos/create-realistic-game-ready-3d-car-truck-aircraft-spacecraft-and-vehicle-assets,"Create realistic game ready 3d car, truck aircraft spacecraft and vehicle assets by Authzon_autos",BASIC PACKAGE,50,4,2,not listed,Single game vehicle asset/Part,2026-09-26
https://www.fiverr.com/authzon_autos/create-realistic-game-ready-3d-car-truck-aircraft-spacecraft-and-vehicle-assets,"Create realistic game ready 3d car, truck aircraft spacecraft and vehicle assets by Authzon_autos",STANDARD PACKAGE,250,7,4,not listed,"Detailed car/truck/aircraft Exterior + selected details design",2026-09-26
https://www.fiverr.com/authzon_autos/create-realistic-game-ready-3d-car-truck-aircraft-spacecraft-and-vehicle-assets,"Create realistic game ready 3d car, truck aircraft spacecraft and vehicle assets by Authzon_autos",PACKAGE,450,14,-1,not listed,"Customized Game-ready vehicle  Interior + Exterior,  Detailed wheels/lights/components",2026-09-26
https://www.fiverr.com/awood3d/3d-model-a-basic-game-ready-asset,3d model any vehicle by Awood3d,Basic Vehicle Model,50,3,0,not listed,A basic 3D mode lof the vehicle you require.,2026-09-26
https://www.fiverr.com/awood3d/3d-model-a-basic-game-ready-asset,3d model any vehicle by Awood3d,Medium Detail Vehicle Model,200,5,0,not listed,A medium detail 3D model of the vehicle you require.,2026-09-26
https://www.fiverr.com/awood3d/3d-model-a-basic-game-ready-asset,3d model any vehicle by Awood3d,High Detail Vehicle Model,500,7,0,not listed,A high detail 3D model of the vehicle you require.,2026-09-26
https://www.fiverr.com/ayoayem/turn-cad-drawing-to-ready-game-mesh-3d-realistic-car-exterior-design-in-blender,"Turn cad drawing to game ready car mesh, clean topology car model,3d vintage car by Ayoayem",BASIC,20,2,-1,included,Simple object 3d modeling,2026-09-26
https://www.fiverr.com/ayoayem/turn-cad-drawing-to-ready-game-mesh-3d-realistic-car-exterior-design-in-blender,"Turn cad drawing to game ready car mesh, clean topology car model,3d vintage car by Ayoayem",STANDARD,70,4,-1,included,Design 3d realistic car model with moderate detailing,2026-09-26
https://www.fiverr.com/ayoayem/turn-cad-drawing-to-ready-game-mesh-3d-realistic-car-exterior-design-in-blender,"Turn cad drawing to game ready car mesh, clean topology car model,3d vintage car by Ayoayem",PREMIUM,150,6,-1,included,"Design 3d photorealistic 3d car model with high detailing , texture and render",2026-09-26
https://www.fiverr.com/azman_md/3d-game-ready-model-and-pbr-textures-for-your-game,Create 3d game ready model and pbr textures by Azman_md,Basic model + PBR textures,40,5,2,not listed,Basic 3D model with baked details and PBR textures up to 4K,2026-09-26
https://www.fiverr.com/azman_md/3d-game-ready-model-and-pbr-textures-for-your-game,Create 3d game ready model and pbr textures by Azman_md,Mid Complexity model + PBR textures,90,10,3,not listed,Mid Complex 3D model with baked details and PBR textures up to 4K,2026-09-26
https://www.fiverr.com/azman_md/3d-game-ready-model-and-pbr-textures-for-your-game,Create 3d game ready model and pbr textures by Azman_md,Complex model + PBR textures,130,14,4,not listed,Complex 3D model with baked details and PBR textures up to 4K,2026-09-26
https://www.fiverr.com/bellaxy_/create-a-game-ready-3d-vehicle-model-with-4k-rendering,Create a game ready 3d vehicle model with 4k rendering by Bellaxy_,Basic,50,5,,not listed,I will create a simple 3D vehicle model with clean geometry and basic materials.,2026-09-26
https://www.fiverr.com/bellaxy_/create-a-game-ready-3d-vehicle-model-with-4k-rendering,Create a game ready 3d vehicle model with 4k rendering by Bellaxy_,Standard,70,10,,not listed,"I will create a detailed game-ready vehicle with optimized geometry, textures and materials.",2026-09-26
https://www.fiverr.com/bellaxy_/create-a-game-ready-3d-vehicle-model-with-4k-rendering,Create a game ready 3d vehicle model with 4k rendering by Bellaxy_,Premium,300,21,,not listed,"I will create a high-detail vehicle with PBR textures, optimized topology and professional 4K render",2026-09-26
https://www.fiverr.com/big_faskid3/create-3d-car-models-automotive-designs-game-ready-cars-sport-car-racing-car,"Create 3d car models, automotive designs, game ready cars, sport car, racing car by Big_faskid3",BASIC PACKAGE,35,3,4,not listed,"Simple low-poly 3D car model with basic details and materials, suitable for Roblox and mobile games.",2026-09-26
https://www.fiverr.com/big_faskid3/create-3d-car-models-automotive-designs-game-ready-cars-sport-car-racing-car,"Create 3d car models, automotive designs, game ready cars, sport car, racing car by Big_faskid3",STANDAD PACKAGE,80,5,8,not listed,"Detailed game-ready 3D car model with UV mapping, textures, and optimized topology for Roblox, Unity",2026-09-26
https://www.fiverr.com/big_faskid3/create-3d-car-models-automotive-designs-game-ready-cars-sport-car-racing-car,"Create 3d car models, automotive designs, game ready cars, sport car, racing car by Big_faskid3",PREMIUM PACKAGE,150,7,-1,not listed,"Highly detailed realistic 3D car model with interior, PBR textures, source files, and professional r",2026-09-26
https://www.fiverr.com/blendermaste810/do-3d-car-modeling-for-games-rendering-and-animation,"Do 3d car modeling for games, rendering, and animation by Blendermaste810",Basic,100,6,2,included,Basic 3D car model with simple details,2026-09-26
https://www.fiverr.com/blendermaste810/do-3d-car-modeling-for-games-rendering-and-animation,"Do 3d car modeling for games, rendering, and animation by Blendermaste810",Standard,180,10,4,included,Detailed 3D car model with high-quality 2k textures and,2026-09-26
https://www.fiverr.com/blendermaste810/do-3d-car-modeling-for-games-rendering-and-animation,"Do 3d car modeling for games, rendering, and animation by Blendermaste810",Premium,250,21,8,included,Realistic high-detail 3D car model with exterior and interior.high-quality 4k textures,2026-09-26
https://www.fiverr.com/boris_3dmodels/do-modeling-of-hard-surface-uv-unwrap-for-products-furniture-game-ready,"Create 3d game ready props, assets, weapons, vehicle and other items by Boris_3dmodels",3D Hard Surface Simple Prop,20,1,1,not listed,Optimized Low Poly 3D model with UVs (ex: simple props),2026-09-26
https://www.fiverr.com/boris_3dmodels/do-modeling-of-hard-surface-uv-unwrap-for-products-furniture-game-ready,"Create 3d game ready props, assets, weapons, vehicle and other items by Boris_3dmodels",3D Hard Surface Prop Advance,200,3,2,not listed,Optimized Low Poly 3D model with UVs (ex.: main assets like guns or swords),2026-09-26
https://www.fiverr.com/boris_3dmodels/do-modeling-of-hard-surface-uv-unwrap-for-products-furniture-game-ready,"Create 3d game ready props, assets, weapons, vehicle and other items by Boris_3dmodels",3D Hard  Surface Prop Hero,300,10,3,not listed,"Optimized Low Poly 3D model with UVs (high detail)  (ex.: car,tank.motorcycle,airplane)",2026-09-26
https://www.fiverr.com/brayo3dstudio/realistic-3d-car-and-truck-model-for-gta-v-prototypes-marketing-game-printing,Do 3d automotive car model 3d car rendering car design rc car for 3d printing by Brayo3dstudio,BASIC,25,4,,included,Simple low-poly vehicle optimized for games,2026-09-26
https://www.fiverr.com/brayo3dstudio/realistic-3d-car-and-truck-model-for-gta-v-prototypes-marketing-game-printing,Do 3d automotive car model 3d car rendering car design rc car for 3d printing by Brayo3dstudio,STANDARD,120,7,,included,Detailed game-ready vehicle with textures,2026-09-26
https://www.fiverr.com/brayo3dstudio/realistic-3d-car-and-truck-model-for-gta-v-prototypes-marketing-game-printing,Do 3d automotive car model 3d car rendering car design rc car for 3d printing by Brayo3dstudio,PREMIUM,200,10,,included,Premium AAA-quality vehicle with complete assets,2026-09-26
https://www.fiverr.com/brian_freema/do-3d-car-modeling-for-3d-printing,Do 3d car modeling for 3d printing by Brian_freema,BASIC,15,3,,not listed,I will do simple 3d car model,2026-09-26
https://www.fiverr.com/cemberkay/customize-your-fivem-vehicles,Customize your fivem vehicles by Cemberkay,Basic,10,3,3,not listed,Customization of 1 car with basic details,2026-09-26
https://www.fiverr.com/cemberkay/customize-your-fivem-vehicles,Customize your fivem vehicles by Cemberkay,Standart,20,4,4,not listed,Customization of 1 car with medium details,2026-09-26
https://www.fiverr.com/cemberkay/customize-your-fivem-vehicles,Customize your fivem vehicles by Cemberkay,Premium,50,7,5,not listed,Customization of 1 car with high quality,2026-09-26
https://www.fiverr.com/charfivem/create-game-ready-3d-vehicles-cars-fivem-custom-game-vehicle-assets-gta-v,"Create game ready 3d vehicles, cars, fivem, custom game vehicle assets, gta v by Charfivem",GAME-READY STARTER,45,3,,not listed,"game-ready 3D vehicle, Exterior modeling, Basic materials, FBX/OBJ delivery",2026-09-26
https://www.fiverr.com/charfivem/create-game-ready-3d-vehicles-cars-fivem-custom-game-vehicle-assets-gta-v,"Create game ready 3d vehicles, cars, fivem, custom game vehicle assets, gta v by Charfivem",PRODUCTION VEHICLE,120,7,,not listed,"3D car/vehicle model, Exterior + basic interior,   UV mapping, PBR texturing",2026-09-26
https://www.fiverr.com/charfivem/create-game-ready-3d-vehicles-cars-fivem-custom-game-vehicle-assets-gta-v,"Create game ready 3d vehicles, cars, fivem, custom game vehicle assets, gta v by Charfivem",COMPLETE GAME ASSET,350,10,,not listed,"Detailed custom 3D vehicle, Full exterior + interior, UV mapping, Vehicle rigging, LOD preparation",2026-09-26
https://www.fiverr.com/charlyrobots/create-professional-3d-blender-animation-for-your-marketing-visuals-and-promos,Create professional 3d game assets and game ready assets by Charlyrobots,Basic — Low Complexity,35,3,3,not listed,"I will create a simple, game-ready 3D asset with optimized geometry and textures.",2026-09-26
https://www.fiverr.com/charlyrobots/create-professional-3d-blender-animation-for-your-marketing-visuals-and-promos,Create professional 3d game assets and game ready assets by Charlyrobots,Standard — Medium Complexity,60,4,5,not listed,"I will create a detailed, game-ready 3D asset with custom modeling and PBR textures.",2026-09-26
https://www.fiverr.com/charlyrobots/create-professional-3d-blender-animation-for-your-marketing-visuals-and-promos,Create professional 3d game assets and game ready assets by Charlyrobots,Premium — High Complexity,100,6,-1,not listed,"I will create a highly detailed, complex game-ready 3D asset with optimized modeling and high-qualit",2026-09-26
https://www.fiverr.com/chris_zoz/3d-car-modeling-4k-rendering-automotive-visualization-cinematic-car-animation,"3d car modeling 4k rendering, automotive visualization cinematic car animation by Chris_zoz",Starter,50,5,0,not listed,Single 3D car model with 4K render or basic visualization.,2026-09-26
https://www.fiverr.com/chris_zoz/3d-car-modeling-4k-rendering-automotive-visualization-cinematic-car-animation,"3d car modeling 4k rendering, automotive visualization cinematic car animation by Chris_zoz",Advanced,200,7,1,included,Detailed 3D car model with cinematic 4K renders and full visualization.,2026-09-26
https://www.fiverr.com/chris_zoz/3d-car-modeling-4k-rendering-automotive-visualization-cinematic-car-animation,"3d car modeling 4k rendering, automotive visualization cinematic car animation by Chris_zoz",Complete,300,10,2,included,"Fully 3D car model with 4K renders, cinematic animation & game/VR-ready visualization.",2026-09-26
https://www.fiverr.com/clara_pin001/create-custom-game-ready-3d-vehicle-models-for-unity-unreal-and-fivem,Create custom game ready 3d vehicle models for unity unreal and fivem by Clara_pin001,Game Vehicle,30,3,1,not listed,"1 game-ready vehicle model Exterior modeling Basic optimization Basic UV mapping",2026-09-26
https://www.fiverr.com/clara_pin001/create-custom-game-ready-3d-vehicle-models-for-unity-unreal-and-fivem,Create custom game ready 3d vehicle models for unity unreal and fivem by Clara_pin001,Detailed Game Vehicle,75,5,3,not listed,"Detailed game-ready vehicle Exterior + basic interior Optimized topology UV mapping",2026-09-26
https://www.fiverr.com/clara_pin001/create-custom-game-ready-3d-vehicle-models-for-unity-unreal-and-fivem,Create custom game ready 3d vehicle models for unity unreal and fivem by Clara_pin001,Complete Game Asset,150,7,-1,not listed,"High-detail game-ready vehicle Detailed exterior + interior PBR textures Multiple vehicle views",2026-09-26
https://www.fiverr.com/damilolaasadd/create-game-ready-3d-spaceships-starships-and-sci-fi-vehicles-for-games,"Create game ready 3d spaceships, starships and sci fi vehicles for games by Damilolaasadd",Basic,50,3,1,not listed,Simple Game-Ready Spaceship/Vehicle,2026-09-26
https://www.fiverr.com/damilolaasadd/create-game-ready-3d-spaceships-starships-and-sci-fi-vehicles-for-games,"Create game ready 3d spaceships, starships and sci fi vehicles for games by Damilolaasadd",Standard,150,5,2,not listed,Detailed Spaceship + PBR Textures,2026-09-26
https://www.fiverr.com/damilolaasadd/create-game-ready-3d-spaceships-starships-and-sci-fi-vehicles-for-games,"Create game ready 3d spaceships, starships and sci fi vehicles for games by Damilolaasadd",Premium,245,7,3,not listed,AAA-Style Spaceship + Detailed PBR + Optimization,2026-09-26
https://www.fiverr.com/damilorun/model-realistic-3d-hypercars-and-optimized-game-ready-vehicles-for-your-games,Model realistic 3d hypercars and optimized game ready vehicles for your games by Damilorun,Basic,40,3,,not listed,"Shading fixes, texture compression, and performance optimization for your existing car mesh.",2026-09-26
https://www.fiverr.com/damilorun/model-realistic-3d-hypercars-and-optimized-game-ready-vehicles-for-your-games,Model realistic 3d hypercars and optimized game ready vehicles for your games by Damilorun,Standard,80,5,,not listed,"Full mid-poly hypercar model with clean topology, full interior, and standard factory spec.",2026-09-26
https://www.fiverr.com/damilorun/model-realistic-3d-hypercars-and-optimized-game-ready-vehicles-for-your-games,Model realistic 3d hypercars and optimized game ready vehicles for your games by Damilorun,Premium,115,7,,not listed,"Custom aerodynamic body kits, aggressive aftermarket mods, optimized mesh, plus 4K studio renders",2026-09-26
https://www.fiverr.com/dammy0000000000/low-poly-3d-game-vehicles-low-poly-weapons-game-ready-assets-unity-unreal-pbrs,"Low poly 3d game vehicles, low poly weapons, game ready assets unity unreal pbrs by Dammy0000000000",BASIC,15,3,,not listed,One simple low-poly vehicle or weapon with clean geometry and optimized game-ready setup.,2026-09-26
https://www.fiverr.com/dammy0000000000/low-poly-3d-game-vehicles-low-poly-weapons-game-ready-assets-unity-unreal-pbrs,"Low poly 3d game vehicles, low poly weapons, game ready assets unity unreal pbrs by Dammy0000000000",STANDARD,85,7,,not listed,"Three detailed low-poly vehicles or weapons with optimized meshes, colors, and textures.",2026-09-26
https://www.fiverr.com/dammy0000000000/low-poly-3d-game-vehicles-low-poly-weapons-game-ready-assets-unity-unreal-pbrs,"Low poly 3d game vehicles, low poly weapons, game ready assets unity unreal pbrs by Dammy0000000000",PREMIUM,230,10,,not listed,Eight polished low-poly vehicles or weapons with detailed textures and optimized game assets.,2026-09-26
https://www.fiverr.com/danibhattishab/create-car-livery-for-iracing-fivem-ems-police-sports-and-racing-cars,"Design car livery for iracing, fivem ems, police, sports and racing cars by Danibhattishab",Basic,10,2,5,not listed,Create a simple custom livery or basic color change with your logo/name for 1 car. Perfect for basic,2026-09-26
https://www.fiverr.com/danibhattishab/create-car-livery-for-iracing-fivem-ems-police-sports-and-racing-cars,"Design car livery for iracing, fivem ems, police, sports and racing cars by Danibhattishab",Standard,25,3,-1,included,High-quality detailed design for FiveM Police/EMS units or professional iRacing/LMU racing liveries,2026-09-26
https://www.fiverr.com/danibhattishab/create-car-livery-for-iracing-fivem-ems-police-sports-and-racing-cars,"Design car livery for iracing, fivem ems, police, sports and racing cars by Danibhattishab",Premium,45,3,-1,included,"Premium, complex, and realistic car wrap from scratch. Includes source files (.PSD), high-end detail",2026-09-26
https://www.fiverr.com/daniel_olatoro1/create-game-ready-car-models-with-realistic-3d-vehicle-design-for-game-engines,Create game ready car models with realistic 3d vehicle design for game engines by Daniel_olatoro1,-Basic Vehicle Model,100,5,2,not listed,Create a simple game-ready car model with clean geometry and optimized vehicle structure.,2026-09-26
https://www.fiverr.com/daniel_olatoro1/create-game-ready-car-models-with-realistic-3d-vehicle-design-for-game-engines,Create game ready car models with realistic 3d vehicle design for game engines by Daniel_olatoro1,-Realistic Car Asset,300,10,2,not listed,"Detailed realistic vehicle with textures, optimization, and preparation for game engines.",2026-09-26
https://www.fiverr.com/daniel_olatoro1/create-game-ready-car-models-with-realistic-3d-vehicle-design-for-game-engines,Create game ready car models with realistic 3d vehicle design for game engines by Daniel_olatoro1,-Complete Game Vehicle,700,21,4,not listed,"Full vehicle package with modeling, textures, rigging, optimization, and engine setup.",2026-09-26
https://www.fiverr.com/daniel_olatoro1/create-low-poly-game-ready-vehicle-for-unity-unreal-engine-game-assets,Create low poly game ready vehicle for unity unreal engine game assets by Daniel_olatoro1,—Starter Vehicle,35,3,1,not listed,Simple low poly game-ready vehicle with optimized mesh and basic materials.,2026-09-26
https://www.fiverr.com/daniel_olatoro1/create-low-poly-game-ready-vehicle-for-unity-unreal-engine-game-assets,Create low poly game ready vehicle for unity unreal engine game assets by Daniel_olatoro1,—Game Ready,90,7,1,not listed,"A detailed optimized vehicle with UVs, textures, materials, and game-ready files.",2026-09-26
https://www.fiverr.com/daniel_olatoro1/create-low-poly-game-ready-vehicle-for-unity-unreal-engine-game-assets,Create low poly game ready vehicle for unity unreal engine game assets by Daniel_olatoro1,—Pro Vehicle,300,10,2,not listed,"Custom vehicle park with detailed textures, optimization, and multiple file formats.",2026-09-26
https://www.fiverr.com/devpoly3d/create-realistic-3d-car-models-and-vehicle-assets,Create realistic 3d car models and vehicle assets by Devpoly3d,Optimized low-poly 3D vehicle model,20,3,-1,not listed,"Optimized Low-Poly 3D Vehicle Model. I will create an optimized low-poly 3D vehicle .",2026-09-26
https://www.fiverr.com/devpoly3d/create-realistic-3d-car-models-and-vehicle-assets,Create realistic 3d car models and vehicle assets by Devpoly3d,High-quality 3D vehicle model,40,5,-1,not listed,I will create a high-quality 3D vehicle model with detailed exterior modeling and textures.,2026-09-26
https://www.fiverr.com/devpoly3d/create-realistic-3d-car-models-and-vehicle-assets,Create realistic 3d car models and vehicle assets by Devpoly3d,vehicle model with internal,80,7,-1,not listed,I will create a realistic high-quality 3D vehicle model with a detailed interior and exterior.,2026-09-26
https://www.fiverr.com/dotcustomz/design-game-ready-3d-vehicle-models-in-blender,Design game ready 3d vehicle models in blender by Dotcustomz,Low Poly / Simple Asset,10,2,0,not listed,"Simple low-poly car or single vehicle prop (rims, parts) with basic colors/materials.",2026-09-26
https://www.fiverr.com/dotcustomz/design-game-ready-3d-vehicle-models-in-blender,Design game ready 3d vehicle models in blender by Dotcustomz,Game Ready / Mid-Detail,25,3,1,not listed,Detailed 3D car model,2026-09-26
https://www.fiverr.com/dotcustomz/design-game-ready-3d-vehicle-models-in-blender,Design game ready 3d vehicle models in blender by Dotcustomz,High-Detail Custom Car,80,7,2,not listed,Ultra-detailed vehicle model with interior,2026-09-26
https://www.fiverr.com/dradox491/design-stylized-low-poly-3d-car-model-car-wrap-game-ready-gtav-fivem-car-model,"Design stylized low poly 3d car model, car wrap, game ready gtav fivem car model by Dradox491",Garage build,30,3,,not listed,"1 low poly vehicle, stylized exterior, basic materials, OBJ/FBX, up to 15k polys.",2026-09-26
https://www.fiverr.com/dradox491/design-stylized-low-poly-3d-car-model-car-wrap-game-ready-gtav-fivem-car-model,"Design stylized low poly 3d car model, car wrap, game ready gtav fivem car model by Dradox491",street Edition,75,5,,not listed,"full game-ready vehicle, textures + UV mapping, optimized topology, custom rims/body kit.",2026-09-26
https://www.fiverr.com/dradox491/design-stylized-low-poly-3d-car-model-car-wrap-game-ready-gtav-fivem-car-model,"Design stylized low poly 3d car model, car wrap, game ready gtav fivem car model by Dradox491",Legendary Customs,150,10,,not listed,"detailed custom vehicle, FiveM/GTA V-ready workflow, custom livery/car wrap, advanced materials,",2026-09-26
https://www.fiverr.com/dudu_santana/create-low-poly-and-mid-poly-3d-car-models-for-games,Create low poly 3d car models for games by Dudu_santana,Starter Low Poly Car,15,2,2,not listed,"1 Stylized/Low Poly Vehicle model. Clean topology, basic colors/textures. Perfect for mobile",2026-09-26
https://www.fiverr.com/dudu_santana/create-low-poly-and-mid-poly-3d-car-models-for-games,Create low poly 3d car models for games by Dudu_santana,Detailed Game-Ready Car,30,3,4,not listed,"1 Detailed Game-Ready mid-poly car. Optimized for PC/Console. Materials PBR , basic interior",2026-09-26
https://www.fiverr.com/dudu_santana/create-low-poly-and-mid-poly-3d-car-models-for-games,Create low poly 3d car models for games by Dudu_santana,High-End Detailed Car,40,6,6,not listed,"Ultra-detailed High-Poly car. Perfect for cinematics, simulations, or extreme close-ups",2026-09-26
https://www.fiverr.com/ekyfebryansyah/make-a-3d-vehicle-model-for-you,Make a 3d vehicle model for you by Ekyfebryansyah,Basic,40,5,1,not listed,choose this service only for model editing or 3dprint model creation,2026-09-26
https://www.fiverr.com/ekyfebryansyah/make-a-3d-vehicle-model-for-you,Make a 3d vehicle model for you by Ekyfebryansyah,Standard,80,7,5,included,choose this service for high quality exterior models,2026-09-26
https://www.fiverr.com/ekyfebryansyah/make-a-3d-vehicle-model-for-you,Make a 3d vehicle model for you by Ekyfebryansyah,Premium,150,14,-1,included,choose this service for high quality eksterior & interior,2026-09-26
https://www.fiverr.com/elitedev_19/build-combine-harvesters-vehicle-mods-for-farming-simulator-game-ready-tractor,"Build combine harvesters vehicle, mods for farming simulator, game ready tractor by Elitedev_19",BASIC,10,1,,not listed,PROJECT DISCUSSION,2026-09-26
https://www.fiverr.com/elon_roy/model-a-low-poly-game-ready-3d-vehicle-in-blender-for-roblox,Model a low poly game ready 3d vehicle in blender for roblox by Elon_roy,BASIC PACKAGE,70,3,1,not listed,"Clean 3D vehicle model, correct proportions, low/mid poly, basic materials",2026-09-26
https://www.fiverr.com/elon_roy/model-a-low-poly-game-ready-3d-vehicle-in-blender-for-roblox,Model a low poly game ready 3d vehicle in blender for roblox by Elon_roy,STATER  PACKAGE,110,6,2,not listed,"Everything in basic + full uv unwrap, pbr texturing",2026-09-26
https://www.fiverr.com/elon_roy/model-a-low-poly-game-ready-3d-vehicle-in-blender-for-roblox,Model a low poly game ready 3d vehicle in blender for roblox by Elon_roy,PREMIUM  PACKAGE,250,7,-1,not listed,Everything in standard + rigged wheels/doors/steering,2026-09-26
https://www.fiverr.com/emma_3d_world/create-custom-car-models-car-wraps-gtav-fivem-skins-game-ready-livery-graphics,Create custom car models car wraps gtav fivem skins game ready livery graphics by Emma_3d_world,BASIC CAR MODEL,15,2,,not listed,Custom 2D Livery/Wrap Only. Hand over YTD texture files for 1 existing car.,2026-09-26
https://www.fiverr.com/emma_3d_world/create-custom-car-models-car-wraps-gtav-fivem-skins-game-ready-livery-graphics,Create custom car models car wraps gtav fivem skins game ready livery graphics by Emma_3d_world,STANDARD CAR MODEL,45,4,,not listed,"Full Vehicle Setup / Debadging. Optimization, handling files, or basic 3D mod editing.",2026-09-26
https://www.fiverr.com/emma_3d_world/create-custom-car-models-car-wraps-gtav-fivem-skins-game-ready-livery-graphics,Create custom car models car wraps gtav fivem skins game ready livery graphics by Emma_3d_world,PREMIUM CAR MODEL AND WRAPS,120,7,,not listed,"Ultimate Game Ready Vehicle. Custom 3D car model, full custom wrap, and optimized files.",2026-09-26
https://www.fiverr.com/emmanuel200877/3d-car-model-body-kit-custom-car-parts-rc-widebody-kit-automotive-cad-3d-print,3d car model bodykit custom car parts widebodykit automotive stl for 3d printing by Emmanuel200877,Basic Model design,15,2,2,included,I will Do Custom CAD file of a single car part STL/STEP ready for 3D printing or prototyping,2026-09-26
https://www.fiverr.com/emmanuel200877/3d-car-model-body-kit-custom-car-parts-rc-widebody-kit-automotive-cad-3d-print,3d car model bodykit custom car parts widebodykit automotive stl for 3d printing by Emmanuel200877,Standard model design,250,4,4,included,I will detail Widebody kit panel custom car parts spoiler rim prototype and 3d print file,2026-09-26
https://www.fiverr.com/emmanuel200877/3d-car-model-body-kit-custom-car-parts-rc-widebody-kit-automotive-cad-3d-print,3d car model bodykit custom car parts widebodykit automotive stl for 3d printing by Emmanuel200877,Premium model design,500,10,6,included,"I will model full 3d car model set with body kit, widebody kit technical drawing and CAD file H4K",2026-09-26
https://www.fiverr.com/everymf/low-poly-model-a-car-as-you-want,Create 3d car model animation low poly high poly texture by Everymf,Exterior Car Modeling,50,5,3,included,High-quality exterior car modeling with intricate details and accurate proportions.,2026-09-26
https://www.fiverr.com/everymf/low-poly-model-a-car-as-you-want,Create 3d car model animation low poly high poly texture by Everymf,Interior & Exterior Car Modeling,80,7,3,included,Complete interior and exterior modeling with realistic details for a full car experience.,2026-09-26
https://www.fiverr.com/everymf/low-poly-model-a-car-as-you-want,Create 3d car model animation low poly high poly texture by Everymf,Concept Car Modeling,150,10,3,included,"Concept car modeling or interior, exterior, and engine design for a unique look.",2026-09-26
https://www.fiverr.com/exiondesigns/3d-car-model-for-games-and-other-projects,Create high quality 3d car modeling by Exiondesigns,Low/Mid Detail 3D Car Model,100,3,1,included,"• 3D car model (low/mid-poly) • Basic materials • 1 preview render • Source file",2026-09-26
https://www.fiverr.com/exiondesigns/3d-car-model-for-games-and-other-projects,Create high quality 3d car modeling by Exiondesigns,High Detail 3D Car Model,250,7,2,included,"• Clean topology & accurate proportions • Materials & textures • 3 preview renders • Source file",2026-09-26
https://www.fiverr.com/exiondesigns/3d-car-model-for-games-and-other-projects,Create high quality 3d car modeling by Exiondesigns,Ultra Detail 3D Car Model,450,10,3,included,"• Clean topology & structure • Advanced materials & textures • 6 cinematic renders • Source file",2026-09-26
https://www.fiverr.com/faskid_musk/create-3d-car-models-vehicle-designs-sports-cars-rc-cars-game-ready-cars,"Create 3d car models, vehicle designs, sports cars, rc cars, game ready cars by Faskid_musk",Simple 3D Car Model,30,3,-1,not listed,I will do basic vehicle modeling,2026-09-26
https://www.fiverr.com/faskid_musk/create-3d-car-models-vehicle-designs-sports-cars-rc-cars-game-ready-cars,"Create 3d car models, vehicle designs, sports cars, rc cars, game ready cars by Faskid_musk",Detailed 3D Car Model,95,5,-1,not listed,I will model detailed exterior of a car,2026-09-26
https://www.fiverr.com/faskid_musk/create-3d-car-models-vehicle-designs-sports-cars-rc-cars-game-ready-cars,"Create 3d car models, vehicle designs, sports cars, rc cars, game ready cars by Faskid_musk",Premium Realistic Car Model,200,7,-1,not listed,I will create highly detailed interior & exterior of a car,2026-09-26
https://www.fiverr.com/fetemie/model-realistic-3d-cars-game-ready-vehicles-and-photorealistic-renders,"Model realistic 3d cars, game ready vehicles, and photorealistic renders by Fetemie",Basic,70,3,,not listed,2 ultra realistic environmental renders,2026-09-26
https://www.fiverr.com/fetemie/model-realistic-3d-cars-game-ready-vehicles-and-photorealistic-renders,"Model realistic 3d cars, game ready vehicles, and photorealistic renders by Fetemie",Standard,150,5,,not listed,"PBR textures, 4 photorealistic renders",2026-09-26
https://www.fiverr.com/fetemie/model-realistic-3d-cars-game-ready-vehicles-and-photorealistic-renders,"Model realistic 3d cars, game ready vehicles, and photorealistic renders by Fetemie",Premium,300,7,,not listed,"Vehicle model (exterior + Interior + calipers/discs), 4K/8K source textures,",2026-09-26
https://www.fiverr.com/fifan27/do-3d-car-modeling,Do 3d vehicle modeling by Fifan27,Simple Vehicle Model,20,5,2,not listed,Basic Exterior Only,2026-09-26
https://www.fiverr.com/fifan27/do-3d-car-modeling,Do 3d vehicle modeling by Fifan27,Detailed Vehicle,75,14,3,included,Full Detailed Exterior,2026-09-26
https://www.fiverr.com/fifan27/do-3d-car-modeling,Do 3d vehicle modeling by Fifan27,High Detailed Vehicle,300,21,6,included,Full Detailed Exterior + Basic Interior,2026-09-26
https://www.fiverr.com/filip_faron/make-a-3d-model-of-a-tank,"Make a 3d model of a tank, artillery, military vehicle by Filip_faron",Basic 3D model,45,14,0,not listed,3D model,2026-09-26
https://www.fiverr.com/filip_faron/make-a-3d-model-of-a-tank,"Make a 3d model of a tank, artillery, military vehicle by Filip_faron",3D Model,70,14,0,not listed,"More detailed 3D model Possible flat colors",2026-09-26
https://www.fiverr.com/filip_faron/make-a-3d-model-of-a-tank,"Make a 3d model of a tank, artillery, military vehicle by Filip_faron",More detailed model + 2K/4K texture,140,21,0,not listed,"Most detailed 3D model Rigging Textures",2026-09-26
https://www.fiverr.com/frankrobin885/do-detailed-3d-car-modeling-3d-rendering-3d-car-model-3d-model-3d-design,"Do 3d car modeling vehicles for games, 3d printing and realistic rendering by Frankrobin885",BASIC,40,3,,included,Simple low quality car design vehicle design base on your reference,2026-09-26
https://www.fiverr.com/frankrobin885/do-detailed-3d-car-modeling-3d-rendering-3d-car-model-3d-model-3d-design,"Do 3d car modeling vehicles for games, 3d printing and realistic rendering by Frankrobin885",STANDARD,130,7,,included,high quality 3d car model vehicle model with exterior design only.,2026-09-26
https://www.fiverr.com/frankrobin885/do-detailed-3d-car-modeling-3d-rendering-3d-car-model-3d-model-3d-design,"Do 3d car modeling vehicles for games, 3d printing and realistic rendering by Frankrobin885",PREMIUM,250,10,,included,"3d car model with both interior and exterior design pbr texture, High-resolution materials",2026-09-26
https://www.fiverr.com/ghostvision3d/create-3d-casual-low-poly-transport-and-vehicles-for-games,Create 3d casual low poly transport and vehicles for games by Ghostvision3d,Basic Prop,20,2,1,not listed,Simple low-poly prop or basic vehicle. No complex details. FBX/OBJ included.,2026-09-26
https://www.fiverr.com/ghostvision3d/create-3d-casual-low-poly-transport-and-vehicles-for-games,Create 3d casual low poly transport and vehicles for games by Ghostvision3d,Standard Vehicle,45,3,2,not listed,"Standard vehicle (car/boat) with colors/textures. Game-ready, clean topology.",2026-09-26
https://www.fiverr.com/ghostvision3d/create-3d-casual-low-poly-transport-and-vehicles-for-games,Create 3d casual low poly transport and vehicles for games by Ghostvision3d,Advanced/AnimatedSci-Fi,80,6,3,not listed,"Complex animated vehicle (VTOL/Mech). Incl. moving parts, high detail, interior, and source file.",2026-09-26
https://www.fiverr.com/grantsuccess_/do-3d-car-modeling-vehicle-design-cad-model-car-bodykit-design-car-part-3d-print,Do 3d car modeling vehicle design cad model car bodykit design car part 3d print by Grantsuccess_,Exterior Car Model,50,2,,not listed,"Create a detailed 3D car exterior model with clean topology, suitable for rendering and visualize it",2026-09-26
https://www.fiverr.com/grantsuccess_/do-3d-car-modeling-vehicle-design-cad-model-car-bodykit-design-car-part-3d-print,Do 3d car modeling vehicle design cad model car bodykit design car part 3d print by Grantsuccess_,Interior & Exterior Car Model,100,4,,not listed,Interior & Exterior Modeling+ Blender Source File+ OBJ/FBX Export+ High Quality Render Images,2026-09-26
https://www.fiverr.com/grantsuccess_/do-3d-car-modeling-vehicle-design-cad-model-car-bodykit-design-car-part-3d-print,Do 3d car modeling vehicle design cad model car bodykit design car part 3d print by Grantsuccess_,Complete Production Car Model,250,7,,not listed,Full Interior & Exterior+ Blender Source File+ Photorealistic Renders+ 3D Print Optimization,2026-09-26
https://www.fiverr.com/hamza3779/create-detailed-3d-vehicle-models-tailored-to-your-needs,Create 3d vehicle car models for print and game ready by Hamza3779,3D Vehicle Model for Games,45,3,-1,not listed,"Simple, low-poly 3D vehicle model. Ideal for games or basic visualizations",2026-09-26
https://www.fiverr.com/hamza3779/create-detailed-3d-vehicle-models-tailored-to-your-needs,Create 3d vehicle car models for print and game ready by Hamza3779,Detailed 3D Vehicle Model,150,7,-1,not listed,"Medium-poly 3D model.  Materials applied",2026-09-26
https://www.fiverr.com/hamza3779/create-detailed-3d-vehicle-models-tailored-to-your-needs,Create 3d vehicle car models for print and game ready by Hamza3779,High-Detail 3D Vehicle Model,350,10,-1,not listed,"High-poly 3D model Advanced materials",2026-09-26
https://www.fiverr.com/haylego/create-game-ready-3d-car-model-gig-racing-vehicle-for-unity-and-unreal-engine,"Create game ready 3d car model, gig racing vehicle for unity and unreal engine by Haylego",Starter,80,5,1,not listed,"i will create simple basic lowpoly car, Basic PBR",2026-09-26
https://www.fiverr.com/haylego/create-game-ready-3d-car-model-gig-racing-vehicle-for-unity-and-unreal-engine,"Create game ready 3d car model, gig racing vehicle for unity and unreal engine by Haylego",Pro Build,200,10,2,not listed,I will create standard High-poly detailed Full PBR + UV map 3d car model(not full rigging),2026-09-26
https://www.fiverr.com/haylego/create-game-ready-3d-car-model-gig-racing-vehicle-for-unity-and-unreal-engine,"Create game ready 3d car model, gig racing vehicle for unity and unreal engine by Haylego",Race Ready,400,14,3,not listed,"i will create Full cinematic/game-ready Full PBR + livery/car wrap, Full rigging",2026-09-26
https://www.fiverr.com/henry_paul35/design-3d-car-model-fivem-cars-sports-cars-game-ready-vehicles-and-car-assets,"Design 3d car model, fivem cars, sports cars, game ready vehicles and car assets by Henry_paul35",BASIC PACKAGE,40,3,-1,not listed,Create simple 3D car model with basic details and clean topology.,2026-09-26
https://www.fiverr.com/henry_paul35/design-3d-car-model-fivem-cars-sports-cars-game-ready-vehicles-and-car-assets,"Design 3d car model, fivem cars, sports cars, game ready vehicles and car assets by Henry_paul35",STANDARD PACKAGE,90,5,-1,not listed,"Create detailed game-ready car with optimized topology, materials and textures.",2026-09-26
https://www.fiverr.com/henry_paul35/design-3d-car-model-fivem-cars-sports-cars-game-ready-vehicles-and-car-assets,"Design 3d car model, fivem cars, sports cars, game ready vehicles and car assets by Henry_paul35",PREMIUM PACKAGE,180,7,-1,not listed,"Create highly detailed realistic vehicle with full modeling, textures, optimization and game-ready",2026-09-26
https://www.fiverr.com/hertleysa/create-3d-car-model-mini-car-truck-van-and-game-ready-vehicle-for-3d-printing,"Create 3d car model, mini car, truck, van and game ready vehicle for 3d printing by Hertleysa",Basic,30,3,,not listed,"Basic 3d car / mini vehicle model low poly or simple design",2026-09-26
https://www.fiverr.com/hertleysa/create-3d-car-model-mini-car-truck-van-and-game-ready-vehicle-for-3d-printing,"Create 3d car model, mini car, truck, van and game ready vehicle for 3d printing by Hertleysa",Standard,90,5,,not listed,"Detailed car, truck, van model Better detail + optimized structure",2026-09-26
https://www.fiverr.com/hertleysa/create-3d-car-model-mini-car-truck-van-and-game-ready-vehicle-for-3d-printing,"Create 3d car model, mini car, truck, van and game ready vehicle for 3d printing by Hertleysa",Premium,200,7,,not listed,"high-detail custom vehicle (car, truck, van, or stylized model) Clean topology + correct scale",2026-09-26
https://www.fiverr.com/holliespike/create-game-ready-3d-vehicle-models-for-unity-and-unreal-3d-cars-bike-tanks,"Create game ready 3d vehicle models for unity and unreal, 3d cars, bike, tanks by Holliespike",GAME-READY VEHICLE,60,4,0,not listed,"I will do 3D vehicle modeling, optimized geometry, basic materials",2026-09-26
https://www.fiverr.com/holliespike/create-game-ready-3d-vehicle-models-for-unity-and-unreal-3d-cars-bike-tanks,"Create game ready 3d vehicle models for unity and unreal, 3d cars, bike, tanks by Holliespike",PRO VEHICLE ASSET,90,7,1,not listed,"I will create detailed 3D vehicle modeling, uv mapping, 4k textures, 1 free cinematic render",2026-09-26
https://www.fiverr.com/holliespike/create-game-ready-3d-vehicle-models-for-unity-and-unreal-3d-cars-bike-tanks,"Create game ready 3d vehicle models for unity and unreal, 3d cars, bike, tanks by Holliespike",COMPLETE GAME VEHICLE,265,14,4,not listed,"I will do 100% detailed custom car that includes: rigging wheel rotation steering setup",2026-09-26
https://www.fiverr.com/hudson_works/create-3d-car-modeling-game-ready-low-poly-vehicle-rigging-and-animation,"Create 3d car modeling game ready low poly vehicle, rigging and animation by Hudson_works",BASIC,30,3,,not listed,"ow poly, game-ready vehicle model",2026-09-26
https://www.fiverr.com/j_mex2/model-custom-car-body-kits-automotive-parts-3d-printable-stl-customized-vehicles-de2f,Model custom car body kits automotive parts 3d printable stl customized vehicles by J_mex2,Simple 3D Car Part,10,4,,included,"Simple car parts such as splitters, vents, small spoilers, trims, or brackets",2026-09-26
https://www.fiverr.com/j_mex2/model-custom-car-body-kits-automotive-parts-3d-printable-stl-customized-vehicles-de2f,Model custom car body kits automotive parts 3d printable stl customized vehicles by J_mex2,Custom Car Part,180,7,,included,"Custom bumpers, side skirts, spoilers, diffusers, fender flares, and other detailed automotive parts",2026-09-26
https://www.fiverr.com/j_mex2/model-custom-car-body-kits-automotive-parts-3d-printable-stl-customized-vehicles-de2f,Model custom car body kits automotive parts 3d printable stl customized vehicles by J_mex2,Full Custom Body Kit,300,14,,included,"Complete body kits, widebody kits, RC car bodies, complex vehicle parts, and highly detailed custom",2026-09-26
https://www.fiverr.com/janpeters3/create-game-ready-3d-car-model-or-3d-vehicle-design-for-fivem-and-gta-5,Create game ready 3d car model or 3d vehicle design for fivem and gta 5 by Janpeters3,BASIC,25,2,-1,not listed,"Game-ready 3D car model with clean exterior, optimized mesh, and FiveM/GTA 5 ready files",2026-09-26
https://www.fiverr.com/janpeters3/create-game-ready-3d-car-model-or-3d-vehicle-design-for-fivem-and-gta-5,Create game ready 3d car model or 3d vehicle design for fivem and gta 5 by Janpeters3,STANDARD,170,4,-1,not listed,"Detailed 3D vehicle design with exterior, interior, optimized mesh, and FiveM/GTA 5 setup",2026-09-26
https://www.fiverr.com/janpeters3/create-game-ready-3d-car-model-or-3d-vehicle-design-for-fivem-and-gta-5,Create game ready 3d car model or 3d vehicle design for fivem and gta 5 by Janpeters3,PREMIUM,250,7,-1,included,"Full custom 3D car model with detailed interior, exterior, LODs, textures, and FiveM/GTA 5 setup",2026-09-26
https://www.fiverr.com/janpeters3/design-custom-photorealistic-fivem-car-mods-gta-5-addon-vehicles-and-3d-models,"Design custom photorealistic fivem car mods, gta 5  addon vehicles and 3d models by Janpeters3",BASIC,25,2,-1,not listed,"Custom FiveM car mod, GTA 5 addon vehicle, optimized 3D model with realistic exterior details.",2026-09-26
https://www.fiverr.com/janpeters3/design-custom-photorealistic-fivem-car-mods-gta-5-addon-vehicles-and-3d-models,"Design custom photorealistic fivem car mods, gta 5  addon vehicles and 3d models by Janpeters3",STANDARD,190,4,-1,not listed,Photorealistic FiveM car mod and GTA 5 addon vehicle with detailed 3D modeling and optimization.,2026-09-26
https://www.fiverr.com/janpeters3/design-custom-photorealistic-fivem-car-mods-gta-5-addon-vehicles-and-3d-models,"Design custom photorealistic fivem car mods, gta 5  addon vehicles and 3d models by Janpeters3",PREMIUM,290,7,-1,included,"High detail photorealistic FiveM car mod, GTA 5 addon vehicle complete 3D model and game ready setup",2026-09-26
https://www.fiverr.com/jawadahmad2/model-cars-in-blender-for-printing-or-renders,Create a 3d model of vehicles for 3d printing and render by Jawadahmad2,Low Detailed Exterior,150,5,2,included,Choose this option if you want to make a low poly model of the car,2026-09-26
https://www.fiverr.com/jawadahmad2/model-cars-in-blender-for-printing-or-renders,Create a 3d model of vehicles for 3d printing and render by Jawadahmad2,High Detail Exterior,250,10,4,included,Choose this option if you want to have an high detailed exterior,2026-09-26
https://www.fiverr.com/jawadahmad2/model-cars-in-blender-for-printing-or-renders,Create a 3d model of vehicles for 3d printing and render by Jawadahmad2,High detail exterior with interior,500,14,5,included,This service will provide exterior and interior of the car.,2026-09-26
https://www.fiverr.com/jeremiaholuowho/do-a-3d-model-character-animation-car-modeling,Model a realistic 3d car model and for automotive design by Jeremiaholuowho,Simple 3D Car Model,20,3,2,extra $10,"Simple 3D car model with basic details and clean shape, suitable for simple renders or concepts.",2026-09-26
https://www.fiverr.com/jeremiaholuowho/do-a-3d-model-character-animation-car-modeling,Model a realistic 3d car model and for automotive design by Jeremiaholuowho,Detailed 3D Car Model,50,5,4,included,"Detailed 3D car model with improved accuracy, clean topology, and better overall structure.",2026-09-26
https://www.fiverr.com/jeremiaholuowho/do-a-3d-model-character-animation-car-modeling,Model a realistic 3d car model and for automotive design by Jeremiaholuowho,High Quality Realistic Car Model,100,10,6,included,"High-quality realistic 3D car model with full details, clean topology, and professional-level finish",2026-09-26
https://www.fiverr.com/jerry_mye/create-realistic-3d-vehicle-modeling-and-3d-props-assets-for-games,Create realistic 3d vehicle models and game ready props for unity unreal by Jerry_mye,Basic,50,3,2,not listed,1 Low-to-medium complexity 3D prop asset or basic mechanical parts (no textures).,2026-09-26
https://www.fiverr.com/jerry_mye/create-realistic-3d-vehicle-modeling-and-3d-props-assets-for-games,Create realistic 3d vehicle models and game ready props for unity unreal by Jerry_mye,Standard,180,5,3,not listed,"1 Highly detailed, standard 3D vehicle modeling or complex prop (clay/untextured model).",2026-09-26
https://www.fiverr.com/jerry_mye/create-realistic-3d-vehicle-modeling-and-3d-props-assets-for-games,Create realistic 3d vehicle models and game ready props for unity unreal by Jerry_mye,Premium,400,7,7,not listed,"1 Ultra-realistic, hyper-detailed complex vehicle or asset with advanced mechanical parts.",2026-09-26
https://www.fiverr.com/justicebe/design-custom-rc-car-body-kits-3d-car-models-vehicle-and-stl-for-printing,"Design custom rc car body kits, 3d car models, vehicle and stl for printing by Justicebe",Single Car Body Part,25,2,,included,1 RC car body OR 1 scale model car,2026-09-26
https://www.fiverr.com/justicebe/design-custom-rc-car-body-kits-3d-car-models-vehicle-and-stl-for-printing,"Design custom rc car body kits, 3d car models, vehicle and stl for printing by Justicebe",Custom Body Kit,100,5,2,included,1 full custom RC car body kit body + spoiler or bumper OR 1 detailed scale display model,2026-09-26
https://www.fiverr.com/justicebe/design-custom-rc-car-body-kits-3d-car-models-vehicle-and-stl-for-printing,"Design custom rc car body kits, 3d car models, vehicle and stl for printing by Justicebe",Full Body Kit + Parts Set,200,7,3,included,"Complete RC body kit body, spoiler, bumper, diffuser OR full detailed scale model with interior",2026-09-26
https://www.fiverr.com/jynkjoo/3d-car-modeling-3d-printable-scale-rc-car-design-automotive-cad-vehicle-design,3d car modeling 3d printable scale rc car design automotive cad vehicle design by Jynkjoo,BASIC PACKAGE,15,3,,included,Simple 3d car model (exterior modeling only) + Basic CAD design + 3d printable STL/OBJ file,2026-09-26
https://www.fiverr.com/jynkjoo/3d-car-modeling-3d-printable-scale-rc-car-design-automotive-cad-vehicle-design,3d car modeling 3d printable scale rc car design automotive cad vehicle design by Jynkjoo,STANDARD PACKAGE,130,5,,included,Detailed 3d car model (Interior & exterior only) +CAD modeling + scale model preparation + rendering,2026-09-26
https://www.fiverr.com/jynkjoo/3d-car-modeling-3d-printable-scale-rc-car-design-automotive-cad-vehicle-design,3d car modeling 3d printable scale rc car design automotive cad vehicle design by Jynkjoo,PREMIUM PACKAGE,250,7,,included,High detailed 3d car model (Exterior & interior detailing) + Automotive CAD design + Rc car design,2026-09-26
https://www.fiverr.com/kn_visual/create-game-ready-3d-vehicles-for-unity-and-unreal-engine,Create game ready 3d vehicles for unity and unreal engine by Kn_visual,Basic Car,15,2,1,not listed,Low-poly game-ready car with clean topology and UV unwrapping. Perfect for simple game projects.,2026-09-26
https://www.fiverr.com/kn_visual/create-game-ready-3d-vehicles-for-unity-and-unreal-engine,Create game ready 3d vehicles for unity and unreal engine by Kn_visual,Detailed Car,30,4,2,not listed,"Detailed game-ready vehicle with PBR textures, optimized topology, and source Blender file included.",2026-09-26
https://www.fiverr.com/kn_visual/create-game-ready-3d-vehicles-for-unity-and-unreal-engine,Create game ready 3d vehicles for unity and unreal engine by Kn_visual,Premium Car,50,6,2,not listed,"High-quality custom vehicle with advanced detailing, PBR materials, optimized geometry, source files",2026-09-26
https://www.fiverr.com/lj_works/do-3d-modeling-beautiful-car-models-and-realistic-renders,Realistic 3d car model and automotive render in blender by Lj_works,Mid Poly Exterior of a Vehicle,60,3,2,not listed,This package is for a Mid Poly Vehicle or any simple model,2026-09-26
https://www.fiverr.com/lj_works/do-3d-modeling-beautiful-car-models-and-realistic-renders,Realistic 3d car model and automotive render in blender by Lj_works,Detailed Exterior of a Vehicle,150,5,6,not listed,This package is for very Detailed Exterior of a Car with 360 animation,2026-09-26
https://www.fiverr.com/lj_works/do-3d-modeling-beautiful-car-models-and-realistic-renders,Realistic 3d car model and automotive render in blender by Lj_works,Detailed Exterior & animation,250,7,9,included,This package is for very Detailed Exterior of car and camera animation,2026-09-26
https://www.fiverr.com/lj_works/do-realistic-3d-renders-of-your-vehicle,Do realistic 3d car model and realistic 3d interior by Lj_works,BASIC,50,3,2,not listed,Realistic 3D modeling of the car exterior with materials and lighting. Includes 2-5 3D Renders,2026-09-26
https://www.fiverr.com/lj_works/do-realistic-3d-renders-of-your-vehicle,Do realistic 3d car model and realistic 3d interior by Lj_works,STANDARD,120,5,4,not listed,Detailed exterior and interior 3D car model with materials and realism. Includes 4-6 3D Renders,2026-09-26
https://www.fiverr.com/lj_works/do-realistic-3d-renders-of-your-vehicle,Do realistic 3d car model and realistic 3d interior by Lj_works,PREMIUM,250,7,6,included,Highly realistic exterior and interior 3D car model with premium detailing and a cinematic video,2026-09-26
https://www.fiverr.com/lj_works/do-realistic-concept-3d-car-modeling-and-realistic-rendering,Design and model an original concept 3d car from your idea by Lj_works,Concept Car Model with Renders,80,5,2,not listed,"1 original concept car model (Low Poly), 3 photorealistic renders from different angles, simple back",2026-09-26
https://www.fiverr.com/lj_works/do-realistic-concept-3d-car-modeling-and-realistic-rendering,Design and model an original concept 3d car from your idea by Lj_works,High Poly Concept Car with Renders,130,7,9,included,"1 original concept car model (High Poly), 5 photorealistic renders from multiple angles, detailed ex",2026-09-26
https://www.fiverr.com/lj_works/do-realistic-concept-3d-car-modeling-and-realistic-rendering,Design and model an original concept 3d car from your idea by Lj_works,Full Concept Car with Interior,230,14,-1,included,"Fully detailed concept car (High Poly, exterior + interior), 10 renders, turntable animation, cinema",2026-09-26
https://www.fiverr.com/lucas00987/design-custom-car-liveries-for-forza-horizon-5-and-6,Design custom car liveries for forza horizon 5 and 6 by Lucas00987,basic,10,2,,included,I upload custom vinyl images of your choice. Prices may vary depending on the design complexity,2026-09-26
https://www.fiverr.com/m_zeexhan/do-3dmodeling-of-characters-robots-creatures-gameassets-details-pbr-textures,"Model, sculpt and texture game ready characters, vehicles and robots for you by M_zeexhan",Core Package,50,2,1,not listed,"Basic 3d model, no UV map, no Textures.",2026-09-26
https://www.fiverr.com/m_zeexhan/do-3dmodeling-of-characters-robots-creatures-gameassets-details-pbr-textures,"Model, sculpt and texture game ready characters, vehicles and robots for you by M_zeexhan",Pro Package,150,4,2,not listed,"3d model with optimized topology, UV map and 1 texture.",2026-09-26
https://www.fiverr.com/m_zeexhan/do-3dmodeling-of-characters-robots-creatures-gameassets-details-pbr-textures,"Model, sculpt and texture game ready characters, vehicles and robots for you by M_zeexhan",Elite Package,250,6,4,not listed,"3d model with optimized topology, UV map, 2 textures and LOD's of 2 levles, rigging animations",2026-09-26
https://www.fiverr.com/malindu_s/do-sci-fi-vehicle-and-weapon-concept-art-and-design,Design 3d sci fi vehicle and weapon concepts by Malindu_s,2D Concept Art Package,15,3,2,not listed,2D Concept art of Sci-fi Weapon or Vehicle Design,2026-09-26
https://www.fiverr.com/malindu_s/do-sci-fi-vehicle-and-weapon-concept-art-and-design,Design 3d sci fi vehicle and weapon concepts by Malindu_s,3D Weapon Design,35,5,2,not listed,Concept Art > Modelling and Texturing of Sci-fi Weapon design,2026-09-26
https://www.fiverr.com/malindu_s/do-sci-fi-vehicle-and-weapon-concept-art-and-design,Design 3d sci fi vehicle and weapon concepts by Malindu_s,3D Sci-fi Vehicle Design,45,7,2,not listed,Concept Art > Modelling and Texturing of Sci-fi Vehicle design,2026-09-26
https://www.fiverr.com/manojsudusinghe/create-game-ready-3d-props-and-vehicles-for-unreal-engine,Create game ready 3d props and vehicles for unreal engine by Manojsudusinghe,Prop / Small Asset,35,3,2,not listed,1 optimized low-to-high poly prop/mech part with 1x 2K PBR set & UCX collision.,2026-09-26
https://www.fiverr.com/manojsudusinghe/create-game-ready-3d-props-and-vehicles-for-unreal-engine,Create game ready 3d props and vehicles for unreal engine by Manojsudusinghe,Hero Prop / Vehicle,150,6,2,not listed,"1 hero vehicle, complex mech, or detailed prop with 1x 4K PBR set & custom UCX.",2026-09-26
https://www.fiverr.com/manojsudusinghe/create-game-ready-3d-props-and-vehicles-for-unreal-engine,Create game ready 3d props and vehicles for unreal engine by Manojsudusinghe,Complex Vehicle & Modular Pack,400,10,2,not listed,Complete modular asset pack or complex vehicle with multiple skin variations/trim sheets.,2026-09-26
https://www.fiverr.com/martinrichter1/create-game-ready-3d-vehicle-models-for-unity-unreal-engine-and-roblox,"Create optimize game ready 3d vehicle models for unity, unreal engine and roblox by Martinrichter1",BASIC,25,2,-1,not listed,"I will create a clean, low poly game ready vehicle optimized for Unity, Unreal & Roblox.",2026-09-26
https://www.fiverr.com/martinrichter1/create-game-ready-3d-vehicle-models-for-unity-unreal-engine-and-roblox,"Create optimize game ready 3d vehicle models for unity, unreal engine and roblox by Martinrichter1",STANDARD,190,5,-1,not listed,"I will create a detailed 3D vehicle with PBR textures, UVs & optimized topology for games.",2026-09-26
https://www.fiverr.com/martinrichter1/create-game-ready-3d-vehicle-models-for-unity-unreal-engine-and-roblox,"Create optimize game ready 3d vehicle models for unity, unreal engine and roblox by Martinrichter1",PREMIUM,290,7,-1,not listed,"I will create a premium 3D vehicle with detailed modeling, PBR textures & game ready optimization.",2026-09-26
https://www.fiverr.com/masud_rana_ii/create-3d-printable-file,Create 3d car model for 3d printing and injection molding by Masud_rana_ii,Basic,120,1,0,not listed,I will draw or modify small jobs .,2026-09-26
https://www.fiverr.com/masud_rana_ii/create-3d-printable-file,Create 3d car model for 3d printing and injection molding by Masud_rana_ii,Standard,600,5,1,not listed,I will draw or modify midrange  jobs .,2026-09-26
https://www.fiverr.com/masud_rana_ii/create-3d-printable-file,Create 3d car model for 3d printing and injection molding by Masud_rana_ii,Premium,1250,14,3,not listed,I will draw or modify full project.,2026-09-26
https://www.fiverr.com/matthew_bald0/create-realistic-3d-car-models-rc-cars-game-ready-vehicles-and-cad-designs,"Create realistic 3d car models, rc cars, game ready vehicles and cad designs by Matthew_bald0",Low-Poly Car Mode,30,2,3,included,"Simple low-poly 3D car model with clean geometry, basic details & optimized design for your project.",2026-09-26
https://www.fiverr.com/matthew_bald0/create-realistic-3d-car-models-rc-cars-game-ready-vehicles-and-cad-designs,"Create realistic 3d car models, rc cars, game ready vehicles and cad designs by Matthew_bald0",Detailed Game Car,70,3,-1,included,"Detailed 3D car model with texture, optimized topology, rendering & organized file for your workflow",2026-09-26
https://www.fiverr.com/matthew_bald0/create-realistic-3d-car-models-rc-cars-game-ready-vehicles-and-cad-designs,"Create realistic 3d car models, rc cars, game ready vehicles and cad designs by Matthew_bald0",Advanced 3D Vehicle,120,4,-1,included,"High-detail 3D car model with realistic rendering, optimized geometry & 3D-print-ready files include",2026-09-26
https://www.fiverr.com/mercyjhy/create-realistic-gta-6-gta-5-fivem-3d-car-models-and-game-ready-vehicles,Create  realistic gta 6 gta 5 fivem 3d car models and game ready vehicles by Mercyjhy,BASIC,20,3,1,not listed,Simple 3D car exterior clean model basic details OBJ/FBX,2026-09-26
https://www.fiverr.com/mercyjhy/create-realistic-gta-6-gta-5-fivem-3d-car-models-and-game-ready-vehicles,Create  realistic gta 6 gta 5 fivem 3d car models and game ready vehicles by Mercyjhy,STANDARD,50,5,2,not listed,Detailed car exterior  plus interior UVs basic textures game ready optimization,2026-09-26
https://www.fiverr.com/mercyjhy/create-realistic-gta-6-gta-5-fivem-3d-car-models-and-game-ready-vehicles,Create  realistic gta 6 gta 5 fivem 3d car models and game ready vehicles by Mercyjhy,PREMIUM,90,7,3,not listed,Full detailed vehicle interior/exterior custom parts UVs textures and optimization,2026-09-26
https://www.fiverr.com/michaelkeller4/create-photorealistic-automotive-3d-car-models-for-game-and-vehicle-rendering,Create photorealistic automotive 3d car models for game and vehicle rendering by Michaelkeller4,BASIC,50,2,-1,not listed,Create one photorealistic 3D automotive car model with a high-quality render.,2026-09-26
https://www.fiverr.com/michaelkeller4/create-photorealistic-automotive-3d-car-models-for-game-and-vehicle-rendering,Create photorealistic automotive 3d car models for game and vehicle rendering by Michaelkeller4,STANDARD,250,4,-1,not listed,Create three photorealistic 3D automotive car models with high-quality renders.,2026-09-26
https://www.fiverr.com/michaelkeller4/create-photorealistic-automotive-3d-car-models-for-game-and-vehicle-rendering,Create photorealistic automotive 3d car models for game and vehicle rendering by Michaelkeller4,PREMIUM,500,7,-1,included,Create five photorealistic 3D automotive car models with high quality renders.,2026-09-26
https://www.fiverr.com/mike_burger1/create-realistic-3d-vehicle-modeling-and-rendering-or-sport-car-for-game-ready,Create realistic 3d vehicle modeling and rendering or sport car for game ready by Mike_burger1,BASIC,25,2,-1,not listed,"Realistic 3D vehicle model with detailed exterior, optimized geometry, and game-ready topology.",2026-09-26
https://www.fiverr.com/mike_burger1/create-realistic-3d-vehicle-modeling-and-rendering-or-sport-car-for-game-ready,Create realistic 3d vehicle modeling and rendering or sport car for game ready by Mike_burger1,STANDARD,180,4,-1,not listed,"Detailed sports car modeling with realistic proportions, materials, interior, and optimized for game",2026-09-26
https://www.fiverr.com/mike_burger1/create-realistic-3d-vehicle-modeling-and-rendering-or-sport-car-for-game-ready,Create realistic 3d vehicle modeling and rendering or sport car for game ready by Mike_burger1,PREMIUM,275,7,-1,included,"Complete realistic vehicle model with detailed interior, textures, rendering, and optimized for game",2026-09-26
https://www.fiverr.com/mira_model_/create-game-ready-car-wrap-fivem-skin-gta-5-iracing-car-wrap-vehicle-livery-imu,Create game ready car wrap fivem skin gta 5 iracing car wrap vehicle livery imu by Mira_model_,BASIC,10,3,,not listed,"Simple car wrap, basic livery with basic textures",2026-09-26
https://www.fiverr.com/mira_model_/create-game-ready-car-wrap-fivem-skin-gta-5-iracing-car-wrap-vehicle-livery-imu,Create game ready car wrap fivem skin gta 5 iracing car wrap vehicle livery imu by Mira_model_,STANDARD,90,5,,not listed,"Detailed car wrap, custom graphics, game ready texture",2026-09-26
https://www.fiverr.com/mira_model_/create-game-ready-car-wrap-fivem-skin-gta-5-iracing-car-wrap-vehicle-livery-imu,Create game ready car wrap fivem skin gta 5 iracing car wrap vehicle livery imu by Mira_model_,PREMIUM,200,7,,not listed,"Full custom vehicle wrap, complex graphics, detailed livery, PBR ready texturing,",2026-09-26
https://www.fiverr.com/mira_model_/design-iracing-car-livery-fivem-skin-game-ready-car-wrap-ems-imu-vehicle-gta-5,Design iracing car livery fivem skin game ready car wrap ems imu vehicle gta 5 by Mira_model_,BASIC,10,3,,not listed,"Simple Livery, Basic colour designs for 1 car",2026-09-26
https://www.fiverr.com/mira_model_/design-iracing-car-livery-fivem-skin-game-ready-car-wrap-ems-imu-vehicle-gta-5,Design iracing car livery fivem skin game ready car wrap ems imu vehicle gta 5 by Mira_model_,STANDARD,80,5,,not listed,Standard custom livery with sponsor decals,2026-09-26
https://www.fiverr.com/mira_model_/design-iracing-car-livery-fivem-skin-game-ready-car-wrap-ems-imu-vehicle-gta-5,Design iracing car livery fivem skin game ready car wrap ems imu vehicle gta 5 by Mira_model_,PREMIUM,120,7,,not listed,"Full custom livery, sponsor logo,",2026-09-26
https://www.fiverr.com/mohyamed/do-3d-car-modeling-realistic-3d-car-model-3d-printing,Do 3d car modeling realistic 3d car model 3d printing by Mohyamed,BASIC,15,2,,not listed,Sketch Of Your 3d Car/ 3d skeleton look of your car,2026-09-26
https://www.fiverr.com/mohyamed/do-3d-car-modeling-realistic-3d-car-model-3d-printing,Do 3d car modeling realistic 3d car model 3d printing by Mohyamed,STANDARD,150,7,,included,Basic Detail 3d Model for car(Automative) with file delivery,2026-09-26
https://www.fiverr.com/mohyamed/do-3d-car-modeling-realistic-3d-car-model-3d-printing,Do 3d car modeling realistic 3d car model 3d printing by Mohyamed,PREMIUM,500,10,,included,HIgh quality 3d car model well detailed with 5 sec exterior video look (DM before order),2026-09-26
https://www.fiverr.com/monlema369/create-game-ready-3d-car-model-rig-racing-car-asset-for-unity-and-unreal-engine,"Create game ready 3d car model, rig racing car asset for unity and unreal engine by Monlema369",-Lowpoly Game Car Model,75,5,1,not listed,Clean low poly or mid poly vehicle asset ready for Unity or Unreal Engine.,2026-09-26
https://www.fiverr.com/monlema369/create-game-ready-3d-car-model-rig-racing-car-asset-for-unity-and-unreal-engine,"Create game ready 3d car model, rig racing car asset for unity and unreal engine by Monlema369",-Rigged Vehicle Asset,250,10,2,not listed,Detailed vehicle asset with wheel rigging for gameplay integration.,2026-09-26
https://www.fiverr.com/monlema369/create-game-ready-3d-car-model-rig-racing-car-asset-for-unity-and-unreal-engine,"Create game ready 3d car model, rig racing car asset for unity and unreal engine by Monlema369",-Complete Vehicle Game Asset,400,14,3,not listed,"Complete game vehicle asset with rigging, interior, and optimization.",2026-09-26
https://www.fiverr.com/morioduwale/model-3d-racing-car-custom-widebody-kit-alias-design-motor-sport-render-car-edit,"Model 3d racing car,custom widebody kit,alias design,motor sport render,car edit by Morioduwale",Basic,25,2,-1,included,A simple detailed 3D model of either an SUV or convertible,2026-09-26
https://www.fiverr.com/morioduwale/model-3d-racing-car-custom-widebody-kit-alias-design-motor-sport-render-car-edit,"Model 3d racing car,custom widebody kit,alias design,motor sport render,car edit by Morioduwale",Standard,65,4,-1,included,"Medium 3D car body kit or complete RC car model Medium detailing (accurate shapes, clean mesh)",2026-09-26
https://www.fiverr.com/morioduwale/model-3d-racing-car-custom-widebody-kit-alias-design-motor-sport-render-car-edit,"Model 3d racing car,custom widebody kit,alias design,motor sport render,car edit by Morioduwale",Premium,160,7,-1,included,"Complex functioning 3d Assetto corsa racing sport car with livery, setup kn5 file, animation  video",2026-09-26
https://www.fiverr.com/mrsonusapkal/model-cars-for-3d-print,Do 3d car modeling for 3d printing by Mrsonusapkal,Basic Scale Body or 1:1 Small Aero,60,2,1,included,1 solid low-poly scale car body OR 1 small 1:1 add-on (vent/winglet) ready for 3D printing design.,2026-09-26
https://www.fiverr.com/mrsonusapkal/model-cars-for-3d-print,Do 3d car modeling for 3d printing by Mrsonusapkal,Mid-Poly Body or 1:1 Splitter/Skirt,120,4,2,included,Mid-poly RC shell OR single 1:1 aero component (front splitter/side skirt) from dimensions.,2026-09-26
https://www.fiverr.com/mrsonusapkal/model-cars-for-3d-print,Do 3d car modeling for 3d printing by Mrsonusapkal,Full Scale Kit or 1:1 Custom Panel,250,10,3,included,Multi-part scale kit with tolerances OR 1 major 1:1 body panel (bumper/fender flare) from scan data.,2026-09-26
https://www.fiverr.com/mueedahmad938/3d-model-a-military-vehicle-for-3d-printing,3d model a military vehicle for 3d printing by Mueedahmad938,Modeling a 3D model,60,7,0,not listed,I will model a 3D vehicle to keep as tabletop using in real life reference and image,2026-09-26
https://www.fiverr.com/muhammadreyhan/do-3d-modeling-car-realistic-render-for-game-or-animation,Do 3d modeling low poly vehicle by Muhammadreyhan,Silver,15,3,1,not listed,only 3d model vehicle low poly.,2026-09-26
https://www.fiverr.com/muhammadreyhan/do-3d-modeling-car-realistic-render-for-game-or-animation,Do 3d modeling low poly vehicle by Muhammadreyhan,Gold,30,4,2,not listed,3d model vehicle with custom texture and uv unwrap.,2026-09-26
https://www.fiverr.com/muhammadreyhan/do-3d-modeling-car-realistic-render-for-game-or-animation,Do 3d modeling low poly vehicle by Muhammadreyhan,Diamond,40,5,3,not listed,"3d model vehicle with custom texture uv unwrap, source file",2026-09-26
https://www.fiverr.com/munna4020/3d-model-cars-and-trucks-using-blender-for-3d-modeling-and-rendering,Design 3d vehicle models and animations for games or cgi by Munna4020,3d Print,45,7,0,extra $10,In this package I will  3D vehicle modeling for 3D print,2026-09-26
https://www.fiverr.com/munna4020/3d-model-cars-and-trucks-using-blender-for-3d-modeling-and-rendering,Design 3d vehicle models and animations for games or cgi by Munna4020,GAME ASSET,125,14,2,included,In this package I will model exterior of the vehicle and low poly interior,2026-09-26
https://www.fiverr.com/munna4020/3d-model-cars-and-trucks-using-blender-for-3d-modeling-and-rendering,Design 3d vehicle models and animations for games or cgi by Munna4020,CGI MODEL AND GAME ASSET,230,21,4,included,In this package I will model both the interior and the exterior of the vehicle 1080p/4k render.,2026-09-26
https://www.fiverr.com/munna4020/do-3d-vehicle-modeling,Do 3d vehicle modeling by Munna4020,Basic,85,4,2,not listed,Basic Level of Detail Only Exterior,2026-09-26
https://www.fiverr.com/munna4020/do-3d-vehicle-modeling,Do 3d vehicle modeling by Munna4020,Standard,195,7,3,not listed,Detailed Exterior,2026-09-26
https://www.fiverr.com/munna4020/do-3d-vehicle-modeling,Do 3d vehicle modeling by Munna4020,Premium,350,14,5,not listed,Detailed Exterior and Interior,2026-09-26
https://www.fiverr.com/narussu40/make-a-3d-model-of-a-robot-weapon-or-a-stylized-vehicle,"Make a 3d model of a robot, weapon or a stylized vehicle by Narussu40",simple model,40,2,,not listed,"I will create a simple model, make a UV map and textures for it",2026-09-26
https://www.fiverr.com/narussu40/make-a-3d-model-of-a-robot-weapon-or-a-stylized-vehicle,"Make a 3d model of a robot, weapon or a stylized vehicle by Narussu40",Medium model,55,3,,not listed,I will create a model with a medium amount of detail and make a UV map and textures for it,2026-09-26
https://www.fiverr.com/narussu40/make-a-3d-model-of-a-robot-weapon-or-a-stylized-vehicle,"Make a 3d model of a robot, weapon or a stylized vehicle by Narussu40",Heavy model,70,4,,not listed,I will create a model with a lot of details and make a UV map and textures for it,2026-09-26
https://www.fiverr.com/nathanpixelart/create-custom-rpg-maker-mv-mz-pixel-tileset-and-ready-game-environment-assets,Create low poly game ready car models for roblox unity and unreal engines by Nathanpixelart,BASIC,5,2,,not listed,"Simple low-poly car Basic game-ready topology",2026-09-26
https://www.fiverr.com/nathanpixelart/create-custom-rpg-maker-mv-mz-pixel-tileset-and-ready-game-environment-assets,Create low poly game ready car models for roblox unity and unreal engines by Nathanpixelart,STANDARD,25,5,,not listed,"Detailed low-poly vehicle Game-ready topology",2026-09-26
https://www.fiverr.com/nathanpixelart/create-custom-rpg-maker-mv-mz-pixel-tileset-and-ready-game-environment-assets,Create low poly game ready car models for roblox unity and unreal engines by Nathanpixelart,PREMIUM,50,7,,not listed,"Premium game-ready vehicle Detailed low-poly modeling.",2026-09-26
https://www.fiverr.com/niftyeducate/create-a-low-poly-game-ready-vehicle-for-unity-and-unreal,Create a low poly game ready vehicle for unity and unreal by Niftyeducate,Rookie Package,30,5,3,not listed,"Basic custom stylized low poly vehicle, and game ready FBX",2026-09-26
https://www.fiverr.com/niftyeducate/create-a-low-poly-game-ready-vehicle-for-unity-and-unreal,Create a low poly game ready vehicle for unity and unreal by Niftyeducate,Intermediate Package,70,7,3,not listed,"Detailed game ready vehicle with optimized geometry, clean UV mapping, textures, and source files.",2026-09-26
https://www.fiverr.com/niftyeducate/create-a-low-poly-game-ready-vehicle-for-unity-and-unreal,Create a low poly game ready vehicle for unity and unreal by Niftyeducate,Advanced Package,100,10,-1,not listed,"High quality vehicle with advanced detail, custom textures, source files, and fully optimized assets",2026-09-26
https://www.fiverr.com/ogbonoluwaa/create-game-ready-car-model-ecommerce-car-model-f1-car-hybrid-sport-car-gta-vmod,"Create game ready car model,ecommerce car model,f1 car,hybrid sport car,gta vmod by Ogbonoluwaa",Basic,25,2,-1,included,Simple 3d car modelling with low details,2026-09-26
https://www.fiverr.com/ogbonoluwaa/create-game-ready-car-model-ecommerce-car-model-f1-car-hybrid-sport-car-gta-vmod,"Create game ready car model,ecommerce car model,f1 car,hybrid sport car,gta vmod by Ogbonoluwaa",Standard,75,4,-1,included,"Details 3d car modelling with realistic texture, car body kit",2026-09-26
https://www.fiverr.com/ogbonoluwaa/create-game-ready-car-model-ecommerce-car-model-f1-car-hybrid-sport-car-gta-vmod,"Create game ready car model,ecommerce car model,f1 car,hybrid sport car,gta vmod by Ogbonoluwaa",Premium,150,7,-1,included,"Advanced 3D car model with full body kit, custom wheels, and basic animation.",2026-09-26
https://www.fiverr.com/olatorod/rig-game-ready-cars-for-unreal-engine-unity-and-chaos-vehicle-systems,"Rig game ready cars, truck for unreal engine, unity and chaos vehicle systems by Olatorod",—Basic Car Rig,50,5,2,not listed,"Basic vehicle rig with root, wheels, steering, pivots, and clean game-ready bone hierarchy.",2026-09-26
https://www.fiverr.com/olatorod/rig-game-ready-cars-for-unreal-engine-unity-and-chaos-vehicle-systems,"Rig game ready cars, truck for unreal engine, unity and chaos vehicle systems by Olatorod",—Game Vehicle Rig,180,7,2,not listed,"Complete vehicle rig with wheels, steering, doors, animation controls, and engine preparation.",2026-09-26
https://www.fiverr.com/olatorod/rig-game-ready-cars-for-unreal-engine-unity-and-chaos-vehicle-systems,"Rig game ready cars, truck for unreal engine, unity and chaos vehicle systems by Olatorod",—Chaos Vehicle Setup,350,14,4,not listed,"Advanced vehicle setup with rigging, physics preparation, suspension, controls, and testing.",2026-09-26
https://www.fiverr.com/patrick_fuchs01/create-game-ready-3d-car-models-3d-vehicle-assets-for-unity-and-unreal-engine,"Create game ready 3d car models, 3d vehicle assets for unity and unreal engine by Patrick_fuchs01",Indie Build,50,3,-1,not listed,"Single game ready vehicle, base PBR textures, 1 LOD, engine tested export for solo/indie use.",2026-09-26
https://www.fiverr.com/patrick_fuchs01/create-game-ready-3d-car-models-3d-vehicle-assets-for-unity-and-unreal-engine,"Create game ready 3d car models, 3d vehicle assets for unity and unreal engine by Patrick_fuchs01",Studio Ready,190,7,-1,not listed,"Full PBR set, rigged wheels/steering, 2 LODs, collision mesh, engine import verified.",2026-09-26
https://www.fiverr.com/patrick_fuchs01/create-game-ready-3d-car-models-3d-vehicle-assets-for-unity-and-unreal-engine,"Create game ready 3d car models, 3d vehicle assets for unity and unreal engine by Patrick_fuchs01",AAA Pipeline,250,10,-1,not listed,"Full rig, 3 LODs, animation ready suspension, multi format export, source file included.",2026-09-26
https://www.fiverr.com/praizeakanbi/create-3d-car-models-with-rig-and-3d-product-renders-for-you,Create 3d car models with rig by Praizeakanbi,basic,50,2,1,included,"- Body kits design  - Car modifications  - Car rigging",2026-09-26
https://www.fiverr.com/praizeakanbi/create-3d-car-models-with-rig-and-3d-product-renders-for-you,Create 3d car models with rig by Praizeakanbi,standard,100,5,,included,"- low poly exterior modeling with clean topology , UV wrapping and texturing",2026-09-26
https://www.fiverr.com/praizeakanbi/create-3d-car-models-with-rig-and-3d-product-renders-for-you,Create 3d car models with rig by Praizeakanbi,pro,200,14,,included,"- Detailed exterior and interior modeling  - Modeling for 3d  printing",2026-09-26
https://www.fiverr.com/precious_wales/create-realistic-3d-car-model-sports-cars-for-games-rendering-and-3d-printing,"Create realistic 3d car model, sports cars for games, rendering, and 3d printing by Precious_wales",Simple Car Model,40,3,1,included,"Simple car model  Low or mid-poly",2026-09-26
https://www.fiverr.com/precious_wales/create-realistic-3d-car-model-sports-cars-for-games-rendering-and-3d-printing,"Create realistic 3d car model, sports cars for games, rendering, and 3d printing by Precious_wales",Detailed Sports Car Model,110,5,2,included,"Detailed sports car model  UV mapping + textures",2026-09-26
https://www.fiverr.com/precious_wales/create-realistic-3d-car-model-sports-cars-for-games-rendering-and-3d-printing,"Create realistic 3d car model, sports cars for games, rendering, and 3d printing by Precious_wales",Advanced Realistic Car Package,320,7,5,included,"High-detail realistic sports car  Full PBR texturing  3D print-ready STL",2026-09-26
https://www.fiverr.com/prudence_karma/create-3d-car-modeling-rigging-and-animation-game-ready-low-poly-vehicle,"Create 3d car modeling rigging and animation, game ready low poly vehicle by Prudence_karma",Low Poly Game Car,20,3,,not listed,"Low poly, game-ready vehicle model, clean topology, basic materials, optimized for real-time engines",2026-09-26
https://www.fiverr.com/prudence_karma/create-3d-car-modeling-rigging-and-animation-game-ready-low-poly-vehicle,"Create 3d car modeling rigging and animation, game ready low poly vehicle by Prudence_karma",Full 3D Car Model + Rig,50,6,,not listed,"High/mid-poly detailed car model, wheel rigging (steering, suspension, rotation), custom livery/wrap",2026-09-26
https://www.fiverr.com/prudence_karma/create-3d-car-modeling-rigging-and-animation-game-ready-low-poly-vehicle,"Create 3d car modeling rigging and animation, game ready low poly vehicle by Prudence_karma",Sports Car + Animation Ready,80,10,,not listed,"Detailed sports car model, full rig (doors, wheels, suspension), animation-ready",2026-09-26
https://www.fiverr.com/qasimghumman380/do-3d-modeling-of-car-and-rendering-using-blender,Do 3d modeling of car and rendering using blender by Qasimghumman380,Basic,30,3,1,included,Low poly exterior model,2026-09-26
https://www.fiverr.com/qasimghumman380/do-3d-modeling-of-car-and-rendering-using-blender,Do 3d modeling of car and rendering using blender by Qasimghumman380,Standard,60,5,2,included,High poly exterior model,2026-09-26
https://www.fiverr.com/qasimghumman380/do-3d-modeling-of-car-and-rendering-using-blender,Do 3d modeling of car and rendering using blender by Qasimghumman380,Premium,100,7,3,included,High Poly exterior plus interior,2026-09-26
https://www.fiverr.com/quanshackso/design-professional-car-posters-and-custom-vehicle-artwork,Design professional car posters and custom vehicle artwork by Quanshackso,SKETCH,20,3,1,extra $25,BLACK AND WHITE,2026-09-26
https://www.fiverr.com/quanshackso/design-professional-car-posters-and-custom-vehicle-artwork,Design professional car posters and custom vehicle artwork by Quanshackso,CONCEPT,45,4,2,extra $25,Detailed custom car poster FLAT COLOR concept,2026-09-26
https://www.fiverr.com/quanshackso/design-professional-car-posters-and-custom-vehicle-artwork,Design professional car posters and custom vehicle artwork by Quanshackso,SUPERCONCEPT,75,5,2,extra $25,Full car poster package (multiple sizes + 2 versions + commercial use),2026-09-26
https://www.fiverr.com/reman_rn/create-realistic-3d-models-and-hard-surface-designs,Game ready 3d vehicle modeler and hard surface artist in blender by Reman_rn,Simple 3D Model,10,2,1,included,"A clean and simple 3D model of a basic product or prop. Includes clean topology and Blender file.",2026-09-26
https://www.fiverr.com/reman_rn/create-realistic-3d-models-and-hard-surface-designs,Game ready 3d vehicle modeler and hard surface artist in blender by Reman_rn,Detailed 3D Model,15,3,2,included,"A detailed, accurate 3D model suitable for rendering. Includes clean topology, basic UVs",2026-09-26
https://www.fiverr.com/reman_rn/create-realistic-3d-models-and-hard-surface-designs,Game ready 3d vehicle modeler and hard surface artist in blender by Reman_rn,High Quality 3D Model + UVs,20,5,4,included,"A high-quality, production-ready 3D model with clean topology, full UV unwrapping",2026-09-26
https://www.fiverr.com/remy1253/do-3d-car-model-low-poly-vehicle-game-ready-car-asset-for-unreal-engine-fivem,Do 3d car model low poly vehicle game ready car asset for unreal engine fivem by Remy1253,SIMPLE LOW POLY CAR,15,3,,not listed,Simple Low Poly Car Model for game,2026-09-26
https://www.fiverr.com/remy1253/do-3d-car-model-low-poly-vehicle-game-ready-car-asset-for-unreal-engine-fivem,Do 3d car model low poly vehicle game ready car asset for unreal engine fivem by Remy1253,GAME READY VEHICLE,150,7,,not listed,"Detailed Car Model, Optimized topology UV Mapping",2026-09-26
https://www.fiverr.com/remy1253/do-3d-car-model-low-poly-vehicle-game-ready-car-asset-for-unreal-engine-fivem,Do 3d car model low poly vehicle game ready car asset for unreal engine fivem by Remy1253,HIGH DETAILED GAME READY VEHICLE,320,14,,not listed,"High Detailed Sports Car / Custom Vehicle, Texturing and & ready for integration into game engine",2026-09-26
https://www.fiverr.com/resza3d/make-3d-game-ready-car-based-on-your-references,Make 3d game ready car based on your references by Resza3d,3D Game Ready Car Modelling,60,7,1,not listed,"Will make 3D  Game Ready Car based on your references, precisely look like it.",2026-09-26
https://www.fiverr.com/revanant21/craft-a-custom-roblox-3d-model-in-blender-for-your-game,Design game ready 3d starships scifi vehicles and spaceships by Revanant21,Basic,30,2,0,not listed,3D model with high quality PBR texture,2026-09-26
https://www.fiverr.com/rezamedika/create-any-3d-vehicle-or-part-of-vehicle-with-high-quality,Create any 3d vehicle or part of vehicle with high quality by Rezamedika,Basic Detailed Vehicle,100,7,2,not listed,Basic shape of vehicle with accurate silhouette,2026-09-26
https://www.fiverr.com/rezamedika/create-any-3d-vehicle-or-part-of-vehicle-with-high-quality,Create any 3d vehicle or part of vehicle with high quality by Rezamedika,Medium Detailed Vehicle,300,14,2,not listed,Medium Detailed of vehicle with accurate silhouette and Basic Interior,2026-09-26
https://www.fiverr.com/rezamedika/create-any-3d-vehicle-or-part-of-vehicle-with-high-quality,Create any 3d vehicle or part of vehicle with high quality by Rezamedika,Highly Detailed Vehicle,700,30,3,not listed,Highly Detailed of vehicle with its interior,2026-09-26
https://www.fiverr.com/rezqybelva/make-3d-detailed-cars-model-for-your-roblox-game,Make 3d detailed cars model for your roblox game by Rezqybelva,Basic,25,3,2,not listed,I will made 1 midpoly cars with 5-10k vertices. Basic interior included,2026-09-26
https://www.fiverr.com/rezqybelva/make-3d-detailed-cars-model-for-your-roblox-game,Make 3d detailed cars model for your roblox game by Rezqybelva,Basic+,50,5,2,not listed,I will made 1 highpoly cars with 10-50k vertices. basic Interior included,2026-09-26
https://www.fiverr.com/rezqybelva/make-3d-detailed-cars-model-for-your-roblox-game,Make 3d detailed cars model for your roblox game by Rezqybelva,Premium,125,10,4,not listed,"I will made 3 higpoly vehilce including the basic interior, 3d headlight and stoplamp.",2026-09-26
https://www.fiverr.com/risxabh/create-high-quality-3d-car-models-in-blender-with-textures,"Model realistic automotive 3d car models for games , renders by Risxabh",Pro Car Model in Blender,70,3,1,included,High Quality 3D Car Model,2026-09-26
https://www.fiverr.com/rnadeeshcreatio/do-3d-vehicle-modeling-for-games-and-animations,Do 3d vehicle modeling for games and animations by Rnadeeshcreatio,SIMPLE,30,3,2,not listed,Simple low-poly vehicle,2026-09-26
https://www.fiverr.com/rnadeeshcreatio/do-3d-vehicle-modeling-for-games-and-animations,Do 3d vehicle modeling for games and animations by Rnadeeshcreatio,STANDARD,70,7,2,not listed,Detail vehicle modeling,2026-09-26
https://www.fiverr.com/rnadeeshcreatio/do-3d-vehicle-modeling-for-games-and-animations,Do 3d vehicle modeling for games and animations by Rnadeeshcreatio,PREMIUM,120,10,2,not listed,Detail vehicle with interior,2026-09-26
https://www.fiverr.com/sakshamnaran311/create-high-quality-3d-vehicle-models-for-games-and-film,"Create realistic 3d vehicle models for games, film, and vr by Sakshamnaran311",BASIC,25,3,2,included,car exterior with normal details -4k texture,2026-09-26
https://www.fiverr.com/sakshamnaran311/create-high-quality-3d-vehicle-models-for-games-and-film,"Create realistic 3d vehicle models for games, film, and vr by Sakshamnaran311",STANDARD,30,4,3,included,"car exterior with high details  - 4k texture lighting and render",2026-09-26
https://www.fiverr.com/sakshamnaran311/create-high-quality-3d-vehicle-models-for-games-and-film,"Create realistic 3d vehicle models for games, film, and vr by Sakshamnaran311",PREMIUM,40,5,3,included,"car interior + exterior high details  -4k texture lighting and render",2026-09-26
https://www.fiverr.com/samadalisoom712/create-you-custom-made-any-3d-car-stl-fbx-obj-files,Do professional 3d car modeling stl fbx obj for 3d printing by Samadalisoom712,Starter,25,2,1,not listed,"Simple car model Low detail STL or OBJ",2026-09-26
https://www.fiverr.com/samadalisoom712/create-you-custom-made-any-3d-car-stl-fbx-obj-files,Do professional 3d car modeling stl fbx obj for 3d printing by Samadalisoom712,Medium,40,3,2,included,"Medium detail car STL + FBX + OBJ Game-ready",2026-09-26
https://www.fiverr.com/samadalisoom712/create-you-custom-made-any-3d-car-stl-fbx-obj-files,Do professional 3d car modeling stl fbx obj for 3d printing by Samadalisoom712,Advance,70,4,4,included,"High-detail realistic car All formats included 3D printable + game ready",2026-09-26
https://www.fiverr.com/sarim_sheikh_/do-3d-modelling-of-cars-can-also-do-rendering-but-not-professional,Do 3d modeling of any vehicle by Sarim_sheikh_,Detailed 3D Model without Interior,50,5,1,not listed,"~Only exterior  ~Clean topology ~Medium accuracy ~1K renders",2026-09-26
https://www.fiverr.com/sarim_sheikh_/do-3d-modelling-of-cars-can-also-do-rendering-but-not-professional,Do 3d modeling of any vehicle by Sarim_sheikh_,Detailed 3D Model + Interior,120,7,3,not listed,"~Exterior + Interior  ~Clean topology ~High accuracy ~2K renders",2026-09-26
https://www.fiverr.com/sarim_sheikh_/do-3d-modelling-of-cars-can-also-do-rendering-but-not-professional,Do 3d modeling of any vehicle by Sarim_sheikh_,Detailed 3D Model + Every details,200,14,-1,not listed,"~Exterior + Interior  ~Clean topology ~High accuracy ~4K renders",2026-09-26
https://www.fiverr.com/sergios_rodri/create-custom-3d-game-cars-racing-car-model-game-asset-game-vehicle-car-model,"Create custom automotive 3d game ready cars, racing car model, and game vehicle by Sergios_rodri",BASIC,20,3,-1,not listed,Basic car model basic materials,2026-09-26
https://www.fiverr.com/sergios_rodri/create-custom-3d-game-cars-racing-car-model-game-asset-game-vehicle-car-model,"Create custom automotive 3d game ready cars, racing car model, and game vehicle by Sergios_rodri",STANDARD,130,5,-1,not listed,"1 detailed vehicle, interior, PBR textures, optimized topology, FBX/OBJ/Blend",2026-09-26
https://www.fiverr.com/sergios_rodri/create-custom-3d-game-cars-racing-car-model-game-asset-game-vehicle-car-model,"Create custom automotive 3d game ready cars, racing car model, and game vehicle by Sergios_rodri",PREMIUM,200,7,-1,not listed,"High-detail car, full interior/exterior, PBR textures, optimized mesh, wheels, basic rig, FBX/OBJ",2026-09-26
https://www.fiverr.com/sharon_artist/model-realistic-3d-car-truck-spaceship-yatch-weapon-and-game-asset-models-design,Model gtav game car fivem vehicle game ready car truck model vehicle rendering by Sharon_artist,BASIC PACKAGE,15,3,,not listed,PROJECT CONSULTATION,2026-09-26
https://www.fiverr.com/sharon_artist/model-realistic-3d-car-truck-spaceship-yatch-weapon-and-game-asset-models-design,Model gtav game car fivem vehicle game ready car truck model vehicle rendering by Sharon_artist,STANDARD PACKAGE,180,5,3,not listed,High poly 3d car model with only the interior design for printing and game,2026-09-26
https://www.fiverr.com/sharon_artist/model-realistic-3d-car-truck-spaceship-yatch-weapon-and-game-asset-models-design,Model gtav game car fivem vehicle game ready car truck model vehicle rendering by Sharon_artist,PREMIUM PACKAGE,250,7,-1,not listed,"Full detail car modeling + interior + exterior design, 3d rendering + 360 camera animation",2026-09-26
https://www.fiverr.com/smithfieldjame/3d-car-model-game-ready-vehicle-automotive-rendering-car-visualisation,"3d car model, game ready vehicle, automotive rendering, car visualisation by Smithfieldjame",BASIC,50,3,,not listed,Simple 3D Car Model Creation,2026-09-26
https://www.fiverr.com/smithfieldjame/3d-car-model-game-ready-vehicle-automotive-rendering-car-visualisation,"3d car model, game ready vehicle, automotive rendering, car visualisation by Smithfieldjame",STANDARD,100,7,,not listed,Realistic 3D Vehicle Modeling & Rendering,2026-09-26
https://www.fiverr.com/smithfieldjame/3d-car-model-game-ready-vehicle-automotive-rendering-car-visualisation,"3d car model, game ready vehicle, automotive rendering, car visualisation by Smithfieldjame",PREMIUM,150,10,,not listed,Complete Automotive 3D Modeling & Visualization (CONTACT ME FIRST),2026-09-26
https://www.fiverr.com/smithjrn/3d-model-car-body-kit-custom-car-parts-automotive-cad-rc-car-modeling-3d-print,3d car model car body kit custom widebody kit car parts automotive cad 3d print by Smithjrn,Basic,40,4,,included,"I will Model One simple custom car part, such as a lip, splitter, spoiler, or small component.",2026-09-26
https://www.fiverr.com/smithjrn/3d-model-car-body-kit-custom-car-parts-automotive-cad-rc-car-modeling-3d-print,3d car model car body kit custom widebody kit car parts automotive cad 3d print by Smithjrn,Standard,185,7,,included,"A set of custom car parts or one detailed section such as a bumper, fender, diffuser or side skirt",2026-09-26
https://www.fiverr.com/smithjrn/3d-model-car-body-kit-custom-car-parts-automotive-cad-rc-car-modeling-3d-print,3d car model car body kit custom widebody kit car parts automotive cad 3d print by Smithjrn,Premium,450,10,,included,"A detailed complete 3D car model, full body kit, widebody kit, or large custom automotive project.",2026-09-26
https://www.fiverr.com/srsdesignss/sketch-render-and-3d-animate-your-custom-concept-design,Do 3d vehicle design images and rendering concept car by Srsdesignss,Realistic rendered images.,25,2,1,not listed,Get 5 realistic rendered  images of your concept in different views or 5 different vehicles images.,2026-09-26
https://www.fiverr.com/srsdesignss/sketch-render-and-3d-animate-your-custom-concept-design,Do 3d vehicle design images and rendering concept car by Srsdesignss,Images and 3d printable model.,40,4,1,not listed,"Get two 3D models with realistic rendered images of vehicle, 3d printable model.",2026-09-26
https://www.fiverr.com/srsdesignss/sketch-render-and-3d-animate-your-custom-concept-design,Do 3d vehicle design images and rendering concept car by Srsdesignss,"Images, 3d model, short animation.",70,5,1,not listed,Get realistic images of vehicle with custom short animation and one  3d printable model.,2026-09-26
https://www.fiverr.com/stefaniesanger/create-game-ready-3d-car-models-and-vehicle-assets-for-games,Create realistic game ready 3d car models and vehicle assets by Stefaniesanger,Game-Ready Base Car,60,4,1,not listed,Low-poly car | Clean topology | UV mapping | Basic materials | FBX + OBJ,2026-09-26
https://www.fiverr.com/stefaniesanger/create-game-ready-3d-car-models-and-vehicle-assets-for-games,Create realistic game ready 3d car models and vehicle assets by Stefaniesanger,Detailed Game Vehicle,200,7,2,not listed,Detailed exterior | Optimized topology | UV mapping | PBR textures | Materials | FBX + OBJ,2026-09-26
https://www.fiverr.com/stefaniesanger/create-game-ready-3d-car-models-and-vehicle-assets-for-games,Create realistic game ready 3d car models and vehicle assets by Stefaniesanger,Production-Ready Hero Vehicle,450,14,3,not listed,Detailed exterior + interior | High/low poly | UVs | PBR textures | Optimization | Source file,2026-09-26
https://www.fiverr.com/studio57_3dviz/do-3d-car-modeling-3d-vehicle-and-realistic-renders,Create photorealistic 3d car modeling and vehicle rendering by Studio57_3dviz,One car model and 3D render,300,4,2,included,The package includes the creation of one 3D car model and render,2026-09-26
https://www.fiverr.com/studio57_3dviz/do-3d-car-modeling-3d-vehicle-and-realistic-renders,Create photorealistic 3d car modeling and vehicle rendering by Studio57_3dviz,Three car model and 3D renders,850,7,2,included,The package includes the creation of three 3D car models and renders,2026-09-26
https://www.fiverr.com/studio57_3dviz/do-3d-car-modeling-3d-vehicle-and-realistic-renders,Create photorealistic 3d car modeling and vehicle rendering by Studio57_3dviz,Five car model and 3D renders,1350,10,2,included,The package includes the creation of five  3D car models and renders,2026-09-26
https://www.fiverr.com/subratadhor/create-3d-model-and-printing-for-you,3d car modeling body kits and any body parts for stl file by Subratadhor,BASIC,100,5,2,included,Simple part for 3d model,2026-09-26
https://www.fiverr.com/subratadhor/create-3d-model-and-printing-for-you,3d car modeling body kits and any body parts for stl file by Subratadhor,STANDARD,300,7,-1,included,complex Medium details 3d model,2026-09-26
https://www.fiverr.com/subratadhor/create-3d-model-and-printing-for-you,3d car modeling body kits and any body parts for stl file by Subratadhor,PREMIUM,500,10,-1,included,Highly Strong design detailed 3d model,2026-09-26
https://www.fiverr.com/subratadhor/create-3d-product-modeling-and-rendering,Create 3d model especially cars for printing or renders by Subratadhor,BASIC,60,5,4,not listed,Simple car model,2026-09-26
https://www.fiverr.com/subratadhor/create-3d-product-modeling-and-rendering,Create 3d model especially cars for printing or renders by Subratadhor,STANDARD,150,7,-1,included,Medium car Detailed,2026-09-26
https://www.fiverr.com/subratadhor/create-3d-product-modeling-and-rendering,Create 3d model especially cars for printing or renders by Subratadhor,PREMIUM,200,10,-1,included,High Detailed car model and render,2026-09-26
https://www.fiverr.com/subratadhor/do-3d-photorealistic-rendering-for-amazon-ebay-e-shopping-sites,Do 3d car modeling for 3d printing and custom body kits by Subratadhor,Silver,120,3,2,included,Simple 3d car body kit modeling and 3d print ready,2026-09-26
https://www.fiverr.com/subratadhor/do-3d-photorealistic-rendering-for-amazon-ebay-e-shopping-sites,Do 3d car modeling for 3d printing and custom body kits by Subratadhor,Gold,350,6,-1,included,high medium custom 3d car body kit modeling 3d print ready,2026-09-26
https://www.fiverr.com/subratadhor/do-3d-photorealistic-rendering-for-amazon-ebay-e-shopping-sites,Do 3d car modeling for 3d printing and custom body kits by Subratadhor,Platinum,700,10,-1,included,Highly detailed custom 3d car body kit modeling 3d print ready,2026-09-26
https://www.fiverr.com/swastikraghav_/do-professional-3d-car-modeling,Do professional 3d car modeling by Swastikraghav_,SIMPLE,30,3,1,included,"Simple Car Model with Basic Level of Detail, Only Exterior",2026-09-26
https://www.fiverr.com/swastikraghav_/do-professional-3d-car-modeling,Do professional 3d car modeling by Swastikraghav_,STANDARD,80,6,3,included,Detailed Exterior Components,2026-09-26
https://www.fiverr.com/swastikraghav_/do-professional-3d-car-modeling,Do professional 3d car modeling by Swastikraghav_,PREMIUM,140,10,5,included,Detailed Car Exterior and Interior,2026-09-26
https://www.fiverr.com/temitemy/game-ready-farm-vehicle-tractor-3d-model-farming-equipment-agricultural-vehicle,"Game ready farm vehicle,tractor 3d model,farming equipment,agricultural vehicle by Temitemy",BASIC,20,2,-1,included,Basic farming simulator model with no texture,2026-09-26
https://www.fiverr.com/temitemy/game-ready-farm-vehicle-tractor-3d-model-farming-equipment-agricultural-vehicle,"Game ready farm vehicle,tractor 3d model,farming equipment,agricultural vehicle by Temitemy",STANDARD,60,4,-1,included,Detailed 3D farm equipment with texture,2026-09-26
https://www.fiverr.com/temitemy/game-ready-farm-vehicle-tractor-3d-model-farming-equipment-agricultural-vehicle,"Game ready farm vehicle,tractor 3d model,farming equipment,agricultural vehicle by Temitemy",PREMIUM,120,6,-1,included,High detail farm vehicle with full rigged animation,2026-09-26
https://www.fiverr.com/thelmatrik01/do-3d-car-modeling-rigging-and-animation-game-ready-low-poly-vehicle,"Do 3d car modeling rigging and animation, game ready low poly vehicle by Thelmatrik01",Low Poly Game Car,30,1,,not listed,"Low poly, game-ready vehicle model, clean topology, basic materials, optimized for real-time engines",2026-09-26
https://www.fiverr.com/thelmatrik01/do-3d-car-modeling-rigging-and-animation-game-ready-low-poly-vehicle,"Do 3d car modeling rigging and animation, game ready low poly vehicle by Thelmatrik01",Full 3D Car Model + Rig,50,3,,not listed,"High/mid-poly detailed car model, wheel rigging (steering, suspension, rotation), custom livery/wrap",2026-09-26
https://www.fiverr.com/thelmatrik01/do-3d-car-modeling-rigging-and-animation-game-ready-low-poly-vehicle,"Do 3d car modeling rigging and animation, game ready low poly vehicle by Thelmatrik01",Sports Car + Animation Ready,150,4,,not listed,"Detailed sports car model, full rig (doors, wheels, suspension), animation-ready",2026-09-26
https://www.fiverr.com/tina_v_florez/design-3d-gta-5-sport-car-model-fivem-sport-vehicle-model-game-ready-car-model,Design 3d gta 5 sport car model fivem sport vehicle model game ready car model by Tina_v_florez,Basic,25,2,,not listed,"Custom 3D sport car exterior model, optimized and ready for FiveM or GTA V",2026-09-26
https://www.fiverr.com/tina_v_florez/design-3d-gta-5-sport-car-model-fivem-sport-vehicle-model-game-ready-car-model,Design 3d gta 5 sport car model fivem sport vehicle model game ready car model by Tina_v_florez,Standard,120,5,,not listed,"Detailed 3D sport car with interior, textures, optimized mesh, ready for FiveM",2026-09-26
https://www.fiverr.com/tina_v_florez/design-3d-gta-5-sport-car-model-fivem-sport-vehicle-model-game-ready-car-model,Design 3d gta 5 sport car model fivem sport vehicle model game ready car model by Tina_v_florez,Premium,250,7,,not listed,"Full 3D sport car with interior, textures, optimization, and GTA V/FiveM setup",2026-09-26
https://www.fiverr.com/tina_v_florez/model-3d-sport-car-3d-racing-car-model-3d-game-ready-vehicle-modeling-in-blender,Model 3d sport car 3d racing car model 3d game ready vehicle modeling in blender by Tina_v_florez,Basic – Car Model,20,2,,not listed,"Custom 3D sport car model with clean topology, basic details, and UV mapping",2026-09-26
https://www.fiverr.com/tina_v_florez/model-3d-sport-car-3d-racing-car-model-3d-game-ready-vehicle-modeling-in-blender,Model 3d sport car 3d racing car model 3d game ready vehicle modeling in blender by Tina_v_florez,Standard – Game Ready,100,5,,not listed,"Detailed game-ready sport car with optimized topology, UVs, and PBR textures",2026-09-26
https://www.fiverr.com/tina_v_florez/model-3d-sport-car-3d-racing-car-model-3d-game-ready-vehicle-modeling-in-blender,Model 3d sport car 3d racing car model 3d game ready vehicle modeling in blender by Tina_v_florez,Premium – Racing Asset,250,7,,not listed,"Premium sport car asset with detailed modeling, PBR textures, optimized mesh, and UVs",2026-09-26
https://www.fiverr.com/tylachinchella/design-game-ready-3d-car-models-and-rig-racing-car-assets-for-unity-and-unreal,Design game ready 3d car models and rig racing car assets for unity and unreal by Tylachinchella,STARTER CAR MODEL,50,3,1,not listed,"Simple Low poly game-ready car with basic  rendering, and OBJ/FBX files.",2026-09-26
https://www.fiverr.com/tylachinchella/design-game-ready-3d-car-models-and-rig-racing-car-assets-for-unity-and-unreal,Design game ready 3d car models and rig racing car assets for unity and unreal by Tylachinchella,PROFESSIONAL VEHICLE ASSET,200,7,1,not listed,"Detailed 3D car with rendering, optimization, and ready to rig & multiple file formats",2026-09-26
https://www.fiverr.com/tylachinchella/design-game-ready-3d-car-models-and-rig-racing-car-assets-for-unity-and-unreal,Design game ready 3d car models and rig racing car assets for unity and unreal by Tylachinchella,COMPLETE RACING CAR PROJECT,445,14,2,not listed,"Realistic racing car with advanced rigging, animation, cinematic rendering, game-ready file",2026-09-26
https://www.fiverr.com/uranium_238/make-3d-model-of-car-for-you-and-3d-renders-of-cars,Make 3d model of realistic car for you by Uranium_238,1 Realistic 3d car model,60,7,2,included,without interior and texturing,2026-09-26
https://www.fiverr.com/uranium_238/make-3d-model-of-car-for-you-and-3d-renders-of-cars,Make 3d model of realistic car for you by Uranium_238,1 Realistic 3d car model,110,7,2,included,with realistic texture and without interior,2026-09-26
https://www.fiverr.com/uranium_238/make-3d-model-of-car-for-you-and-3d-renders-of-cars,Make 3d model of realistic car for you by Uranium_238,2 Realistic 3d car model,150,14,2,included,with realistic texture and without interior,2026-09-26
https://www.fiverr.com/usmanbaloch124/optimize-and-fix-gta-5-fivem-vehicle-models-and-handling,"Optimize and fix gta 5, fivem vehicle models and handling by Usmanbaloch124",Handling & Performance Tuner,5,2,2,not listed,"I will fix handling, speed, braking, and suspension for 1 vehicle to make it realistic or racing-rea",2026-09-26
https://www.fiverr.com/usmanbaloch124/optimize-and-fix-gta-5-fivem-vehicle-models-and-handling,"Optimize and fix gta 5, fivem vehicle models and handling by Usmanbaloch124",Vehicle Model Fixer,15,2,3,not listed,"I will fix 3D model glitches, texture bugs, or clipping issues for 1 vehicle to ensure a smooth look",2026-09-26
https://www.fiverr.com/usmanbaloch124/optimize-and-fix-gta-5-fivem-vehicle-models-and-handling,"Optimize and fix gta 5, fivem vehicle models and handling by Usmanbaloch124",Ultimate Vehicle Optimization,20,2,-1,not listed,Complete overhaul for 1-2 vehicles including perfect handling setup and fixing all model/texture gli,2026-09-26
https://www.fiverr.com/vincent_eho/make-spectacular-animation-of-machine-and-engineering,Make spectacular 3d animation of machine and vehicle by Vincent_eho,Basic animation,100,1,1,extra $75,Basic 3D model and animation with basic materials and several effects,2026-09-26
https://www.fiverr.com/vincent_eho/make-spectacular-animation-of-machine-and-engineering,Make spectacular 3d animation of machine and vehicle by Vincent_eho,Standard animation,250,3,2,extra $75,Standard 3D model and animation with enhanced materials and few effects,2026-09-26
https://www.fiverr.com/vincent_eho/make-spectacular-animation-of-machine-and-engineering,Make spectacular 3d animation of machine and vehicle by Vincent_eho,Premium animation,500,6,4,extra $75,"Premium 3D model and animation with complete materials, many effects and full editing",2026-09-26
https://www.fiverr.com/vkymdr/create-3d-vehicle-for-you,"Create a 3d vehicle, glb, gltf, web configurator by Vkymdr",Basic,100,4,2,included,"Optimized low-poly 3D vehicle model suitable for web, AR, mobile use or Shopify.",2026-09-26
https://www.fiverr.com/vkymdr/create-3d-vehicle-for-you,"Create a 3d vehicle, glb, gltf, web configurator by Vkymdr",Standard,200,7,2,included,High-quality 3D vehicle model with exterior details and realistic materials.,2026-09-26
https://www.fiverr.com/vkymdr/create-3d-vehicle-for-you,"Create a 3d vehicle, glb, gltf, web configurator by Vkymdr",Premium,350,10,2,included,"High-detail 3D vehicle model with both interior and exterior, realistic materials.",2026-09-26
https://www.fiverr.com/vlatkoart/3d-model-and-render-vehicles,Do 3d car modeling by Vlatkoart,Basic,130,3,2,extra $25,Basic Level of Detail Only Exterior,2026-09-26
https://www.fiverr.com/vlatkoart/3d-model-and-render-vehicles,Do 3d car modeling by Vlatkoart,Standard,400,6,3,extra $25,Detailed Exterior,2026-09-26
https://www.fiverr.com/vlatkoart/3d-model-and-render-vehicles,Do 3d car modeling by Vlatkoart,Premium,800,10,5,extra $25,Detailed Exterior and Interior,2026-09-26
https://www.fiverr.com/willmichals/model-a-heavy-machinery-vehicle-for-any-use,Create detailed 3d vehicles for games or simulators by Willmichals,Basic Vehicle Package,40,60,1,not listed,Basic Vehicle model,2026-09-26
https://www.fiverr.com/willmichals/model-a-heavy-machinery-vehicle-for-any-use,Create detailed 3d vehicles for games or simulators by Willmichals,Standard Vehicle Package,45,60,2,not listed,Heavy Machinery Vehicle with a fully detailed exterior,2026-09-26
https://www.fiverr.com/willmichals/model-a-heavy-machinery-vehicle-for-any-use,Create detailed 3d vehicles for games or simulators by Willmichals,Premium Vehicle Package,75,60,3,not listed,"Heavy Machinery Vehicle, with a fully detailed exterior, and fully detailed interior",2026-09-26
https://www.fiverr.com/wondart_studio/create-amazing-low-poly-3d-vehicle-models-for-you,Create amazing low poly 3d vehicle models for you by Wondart_studio,Low poly vehicle model,30,4,3,included,One 3D model (under 5K poly count) + blender source file + 4 High quality renders + Light setup,2026-09-26
https://www.fiverr.com/yogesh810/do-photorealistic-3d-modelling-for-animation-games,Make 3d model and texture for unreal and unity game or film by Yogesh810,BASIC,40,3,-1,not listed,Simple 3d models with . 4k PBR textures,2026-09-26
https://www.fiverr.com/yogesh810/do-photorealistic-3d-modelling-for-animation-games,Make 3d model and texture for unreal and unity game or film by Yogesh810,STANDARD,80,7,-1,not listed,Advance 3d models like guns with 4k PBR textures,2026-09-26
https://www.fiverr.com/yogesh810/do-photorealistic-3d-modelling-for-animation-games,Make 3d model and texture for unreal and unity game or film by Yogesh810,PREMIUM,200,14,-1,not listed,"Big 3d models like vehicals, planes, robots etc.upto 8k PBR textures",2026-09-26
https://www.fiverr.com/zgzafi/create-3d-car-model-for-3d-print,Create 3d car model for 3d print by Zgzafi,Basic,15,1,,not listed,SImple Car Body Parts.,2026-09-26
https://www.fiverr.com/zgzafi/create-3d-car-model-for-3d-print,Create 3d car model for 3d print by Zgzafi,Standard,30,1,,not listed,Normal Car Body without Wheels.,2026-09-26
https://www.fiverr.com/zgzafi/create-3d-car-model-for-3d-print,Create 3d car model for 3d print by Zgzafi,Preminum,50,1,,not listed,Whole Car body with Wheels and Texture.,2026-09-26
https://www.fiverr.com/zoma_tor/3d-car-modeling-3d-vehicle-design-car-render-3d-car-model-automotive-design,3d car modeling 3d vehicle design car render 3d car model automotive design by Zoma_tor,Basic 3D Car Model,25,3,1,not listed,Simple 3D car model with clean geometry and basic materials from your reference.,2026-09-26
https://www.fiverr.com/zoma_tor/3d-car-modeling-3d-vehicle-design-car-render-3d-car-model-automotive-design,3d car modeling 3d vehicle design car render 3d car model automotive design by Zoma_tor,Detailed 3D Car Model,80,5,2,not listed,Detailed 3D car model with clean topology realistic materials and high quality render.,2026-09-26
https://www.fiverr.com/zoma_tor/3d-car-modeling-3d-vehicle-design-car-render-3d-car-model-automotive-design,3d car modeling 3d vehicle design car render 3d car model automotive design by Zoma_tor,Realistic Automotive 3D Model,160,7,3,not listed,High detail automotive model with realistic materials detailed parts and presentation renders.,2026-09-26
